RE-100.txt,edu.nd.dronology.core/src/edu/nd/dronology/core/flight/IFlightPlan.java
RE-100.txt,edu.nd.dronology.core/src/edu/nd/dronology/core/flight/PlanPool.java
RE-100.txt,edu.nd.dronology.core/src/edu/nd/dronology/core/flight/PlanPoolManager.java
RE-100.txt,edu.nd.dronology.core/src/edu/nd/dronology/core/flight/internal/FlightPlan.java
RE-100.txt,edu.nd.dronology.core/src/edu/nd/dronology/core/flight/internal/SimpleTakeoffFlightPlan.java
RE-100.txt,edu.nd.dronology.services.core/src/edu/nd/dronology/services/core/remote/IFlightManagerRemoteService.java
RE-100.txt,edu.nd.dronology.services/src/edu/nd/dronology/services/facades/FlightManagerServiceRemoteFacade.java
RE-100.txt,edu.nd.dronology.services/src/edu/nd/dronology/services/facades/MissionPlanningServiceRemoteFacade.java
RE-100.txt,edu.nd.dronology.services/src/edu/nd/dronology/services/instances/flightmanager/FlightManagerService.java
RE-100.txt,edu.nd.dronology.services/src/edu/nd/dronology/services/instances/flightmanager/FlightManagerServiceInstance.java
RE-100.txt,edu.nd.dronology.services/src/edu/nd/dronology/services/instances/flightmanager/IFlightManagerServiceInstance.java
RE-100.txt,edu.nd.dronology.services/src/edu/nd/dronology/services/instances/missionplanning/IMissionPlanningServiceInstance.java
RE-100.txt,edu.nd.dronology.services/src/edu/nd/dronology/services/instances/missionplanning/MissionPlanningService.java
RE-100.txt,edu.nd.dronology.ui.vaadin/src/main/java/edu/nd/dronology/ui/vaadin/connector/DronologyActionExecutor.java
RE-101.txt,edu.nd.dronology.core/src/edu/nd/dronology/core/flight/IFlightDirector.java
RE-101.txt,edu.nd.dronology.core/src/edu/nd/dronology/core/flight/PlanPool.java
RE-101.txt,edu.nd.dronology.core/src/edu/nd/dronology/core/flight/PlanPoolManager.java
RE-101.txt,edu.nd.dronology.core/src/edu/nd/dronology/core/flightzone/FlightZoneManager2.java
RE-101.txt,edu.nd.dronology.services/src/edu/nd/dronology/services/instances/flightmanager/IFlightManagerServiceInstance.java
RE-101.txt,edu.nd.dronology.services/src/edu/nd/dronology/services/missionplanning/plan/FullMissionPlan.java
RE-101.txt,edu.nd.dronology.services/src/edu/nd/dronology/services/missionplanning/plan/MissionController.java
RE-101.txt,edu.nd.dronology.services/src/edu/nd/dronology/services/missionplanning/plan/MissionUtil.java
RE-101.txt,edu.nd.dronology.services/src/edu/nd/dronology/services/missionplanning/plan/UAVMissionPlan.java
RE-101.txt,edu.nd.dronology.ui.vaadin/src/main/java/edu/nd/dronology/ui/vaadin/connector/DronologyActionExecutor.java
RE-103.txt,edu.nd.dronology.core/src/edu/nd/dronology/core/flight/PlanPool.java
RE-103.txt,edu.nd.dronology.core/src/edu/nd/dronology/core/flight/PlanPoolManager.java
RE-103.txt,edu.nd.dronology.core/src/edu/nd/dronology/core/flightzone/FlightZoneManager2.java
RE-103.txt,edu.nd.dronology.services.core/src/edu/nd/dronology/services/core/remote/IFlightManagerRemoteService.java
RE-103.txt,edu.nd.dronology.services/src/edu/nd/dronology/services/facades/FlightManagerServiceRemoteFacade.java
RE-103.txt,edu.nd.dronology.services/src/edu/nd/dronology/services/instances/flightmanager/FlightManagerService.java
RE-103.txt,edu.nd.dronology.services/src/edu/nd/dronology/services/instances/flightmanager/IFlightManagerServiceInstance.java
RE-103.txt,edu.nd.dronology.services/src/edu/nd/dronology/services/missionplanning/plan/FullMissionPlan.java
RE-108.txt,edu.nd.dronology.gstation.python.connector/src/edu/nd/dronology/gstation/connector/service/connector/IDroneConnectorServiceInstance.java
RE-108.txt,edu.nd.dronology.monitoring/src/edu/nd/dronology/monitoring/service/IDroneMonitoringRemoteService.java
RE-108.txt,edu.nd.dronology.services.core/src/edu/nd/dronology/services/core/base/AbstractRegisterableUnit.java
RE-108.txt,edu.nd.dronology.services.core/src/edu/nd/dronology/services/core/remote/IRemoteManager.java
RE-108.txt,edu.nd.dronology.services.core/src/edu/nd/dronology/services/core/remote/RemoteInfo.java
RE-108.txt,edu.nd.dronology.services/src/edu/nd/dronology/services/instances/remote/IRemoteConnectionServiceInstance.java
RE-110.txt,edu.nd.dronology.core/src/edu/nd/dronology/core/fleet/DroneFleetManager.java
RE-110.txt,edu.nd.dronology.core/src/edu/nd/dronology/core/flightzone/FlightZoneManager2.java
RE-110.txt,edu.nd.dronology.core/test/edu/nd/dronology/core/gui_middleware/TestDroneCollectionStatus.java
RE-112.txt,edu.nd.dronology.core/src/edu/nd/dronology/core/vehicle/IDroneCommandHandler.java
RE-112.txt,edu.nd.dronology.core/src/edu/nd/dronology/core/vehicle/commands/AbstractDroneCommand.java
RE-112.txt,edu.nd.dronology.core/src/edu/nd/dronology/core/vehicle/commands/CommandIds.java
RE-112.txt,edu.nd.dronology.core/src/edu/nd/dronology/core/vehicle/commands/LandCommand.java
RE-112.txt,edu.nd.dronology.ui.vaadin/src/main/java/edu/nd/dronology/ui/vaadin/activeflights/AFInfoBox.java
RE-112.txt,edu.nd.dronology.ui.vaadin/src/main/java/edu/nd/dronology/ui/vaadin/connector/DronologyActionExecutor.java
RE-114.txt,edu.nd.dronology.ui.vaadin/src/main/java/edu/nd/dronology/ui/vaadin/activeflights/AFInfoPanel.java
RE-114.txt,edu.nd.dronology.ui.vaadin/src/main/java/edu/nd/dronology/ui/vaadin/activeflights/AFMainLayout.java
RE-114.txt,edu.nd.dronology.ui.vaadin/src/main/java/edu/nd/dronology/ui/vaadin/activeflights/AFMapComponent.java
RE-114.txt,edu.nd.dronology.ui.vaadin/src/main/java/edu/nd/dronology/ui/vaadin/activeflights/MapDrawingUtil.java
RE-114.txt,edu.nd.dronology.ui.vaadin/src/main/java/edu/nd/dronology/ui/vaadin/flightroutes/FRControlsComponent.java
RE-114.txt,edu.nd.dronology.ui.vaadin/src/main/java/edu/nd/dronology/ui/vaadin/flightroutes/FRMainLayout.java
RE-114.txt,edu.nd.dronology.ui.vaadin/src/main/java/edu/nd/dronology/ui/vaadin/flightroutes/FRMapComponent.java
RE-114.txt,edu.nd.dronology.ui.vaadin/src/main/java/edu/nd/dronology/ui/vaadin/flightroutes/FRTableDisplay.java
RE-114.txt,edu.nd.dronology.ui.vaadin/src/main/java/edu/nd/dronology/ui/vaadin/start/MyUI.java
RE-114.txt,edu.nd.dronology.ui.vaadin/src/main/java/edu/nd/dronology/ui/vaadin/utils/MapMarkerUtilities.java
RE-120.txt,edu.nd.dronology.core/src/edu/nd/dronology/core/IUAVPropertyUpdateNotifier.java
RE-120.txt,edu.nd.dronology.core/src/edu/nd/dronology/core/vehicle/IUAVProxy.java
RE-120.txt,edu.nd.dronology.services.core/src/edu/nd/dronology/services/core/remote/IDroneSetupRemoteService.java
RE-120.txt,edu.nd.dronology.ui.vaadin/src/main/java/edu/nd/dronology/ui/vaadin/activeflights/AFInfoPanel.java
RE-120.txt,edu.nd.dronology.ui.vaadin/src/main/java/edu/nd/dronology/ui/vaadin/activeflights/AFMainLayout.java
RE-120.txt,edu.nd.dronology.ui.vaadin/src/main/java/edu/nd/dronology/ui/vaadin/activeflights/AFMapComponent.java
RE-120.txt,edu.nd.dronology.ui.vaadin/src/main/java/edu/nd/dronology/ui/vaadin/activeflights/MapDrawingUtil.java
RE-120.txt,edu.nd.dronology.ui.vaadin/src/main/java/edu/nd/dronology/ui/vaadin/activeflights/UAVStatusWrapper.java
RE-120.txt,edu.nd.dronology.ui.vaadin/src/main/java/edu/nd/dronology/ui/vaadin/flightroutes/FRMainLayout.java
RE-120.txt,edu.nd.dronology.ui.vaadin/src/main/java/edu/nd/dronology/ui/vaadin/flightroutes/FRMapComponent.java
RE-124.txt,edu.nd.dronology.core/src/edu/nd/dronology/core/collisionavoidance/CollisionAvoider.java
RE-124.txt,edu.nd.dronology.core/src/edu/nd/dronology/core/collisionavoidance/DroneSnapshot.java
RE-124.txt,edu.nd.dronology.core/src/edu/nd/dronology/core/flightzone/FlightZoneManager2.java
RE-124.txt,edu.nd.dronology.core/test/edu/nd/dronology/core/collisionavoidance/TestStopEveryone.java
RE-125.txt,edu.nd.dronology.core/src/edu/nd/dronology/core/collisionavoidance/CollisionAvoider.java
RE-125.txt,edu.nd.dronology.core/src/edu/nd/dronology/core/flight/internal/SoloDirector.java
RE-125.txt,edu.nd.dronology.core/src/edu/nd/dronology/core/flightzone/FlightZoneManager2.java
RE-125.txt,edu.nd.dronology.core/src/edu/nd/dronology/core/vehicle/ManagedDrone.java
RE-125.txt,edu.nd.dronology.services/src/edu/nd/dronology/services/missionplanning/plan/UAVMissionPlan.java
RE-126.txt,edu.nd.dronology.core/src/edu/nd/dronology/core/collisionavoidance/CollisionAvoider.java
RE-126.txt,edu.nd.dronology.core/src/edu/nd/dronology/core/collisionavoidance/StopEveryone.java
RE-126.txt,edu.nd.dronology.core/src/edu/nd/dronology/core/flightzone/FlightZoneManager2.java
RE-126.txt,edu.nd.dronology.core/src/edu/nd/dronology/core/vehicle/DroneFlightStateManager.java
RE-126.txt,edu.nd.dronology.core/src/edu/nd/dronology/core/vehicle/ManagedDrone.java
RE-126.txt,edu.nd.dronology.core/src/edu/nd/dronology/core/vehicle/commands/CommandIds.java
RE-126.txt,edu.nd.dronology.core/src/edu/nd/dronology/core/vehicle/internal/PhysicalDrone.java
RE-126.txt,edu.nd.dronology.core/test/edu/nd/dronology/core/collisionavoidance/TestStopEveryone.java
RE-160.txt,edu.nd.dronology.gstation.python.connector/src/edu/nd/dronology/gstation/connector/GroundstationConnector.java
RE-160.txt,edu.nd.dronology.gstation.python.connector/src/edu/nd/dronology/gstation/connector/dispatch/DispatchQueueManager.java
RE-160.txt,edu.nd.dronology.gstation.python.connector/src/edu/nd/dronology/gstation/connector/service/connector/DroneConnectorServiceInstance.java
RE-160.txt,edu.nd.dronology.services.core/src/edu/nd/dronology/services/core/remote/IDroneSetupRemoteService.java
RE-160.txt,edu.nd.dronology.services/src/edu/nd/dronology/services/dronesetup/DroneSetupService.java
RE-160.txt,edu.nd.dronology.services/src/edu/nd/dronology/services/dronesetup/DroneSetupServiceInstance.java
RE-160.txt,edu.nd.dronology.services/src/edu/nd/dronology/services/dronesetup/IDroneSetupServiceInstance.java
RE-160.txt,edu.nd.dronology.ui.vaadin/src/main/java/edu/nd/dronology/ui/vaadin/connector/DronologyActionExecutor.java
RE-161.txt,edu.nd.dronology.core/src/edu/nd/dronology/core/fleet/DroneFleetManager.java
RE-161.txt,edu.nd.dronology.core/src/edu/nd/dronology/core/flight/PlanPoolManager.java
RE-161.txt,edu.nd.dronology.core/src/edu/nd/dronology/core/flightzone/FlightZoneManager2.java
RE-161.txt,edu.nd.dronology.core/src/edu/nd/dronology/core/vehicle/proxy/UAVProxyManager.java
RE-161.txt,edu.nd.dronology.gstation.python.connector/src/edu/nd/dronology/gstation/connector/dispatch/DispatchQueueManager.java
RE-161.txt,edu.nd.dronology.services/src/edu/nd/dronology/services/dronesetup/DroneSetupServiceInstance.java
RE-235.txt,edu.nd.dronology.gstation.python.connector/src/edu/nd/dronology/gstation/connector/MAVLinkUAVConnector.java
RE-235.txt,edu.nd.dronology.gstation.python.connector/src/edu/nd/dronology/gstation/connector/messages/UAVHandshakeMessage.java
RE-235.txt,edu.nd.dronology.gstation.python.connector/src/edu/nd/dronology/gstation/connector/service/connector/DroneConnectorService.java
RE-235.txt,edu.nd.dronology.gstation.python.connector/src/edu/nd/dronology/gstation/connector/service/connector/IDroneConnectorServiceInstance.java
RE-25.txt,edu.nd.dronology.core/src/edu/nd/dronology/core/vehicle/AbstractDrone.java
RE-25.txt,edu.nd.dronology.core/src/edu/nd/dronology/core/vehicle/internal/PhysicalDrone.java
RE-25.txt,edu.nd.dronology.core/src/edu/nd/dronology/core/vehicle/proxy/UAVProxy.java
RE-25.txt,edu.nd.dronology.gstation.python.connector/src/edu/nd/dronology/gstation/connector/messages/UAVMonitoringMessage.java
RE-25.txt,edu.nd.dronology.services.core/src/edu/nd/dronology/services/core/items/DroneSpecification.java
RE-25.txt,edu.nd.dronology.services/src/edu/nd/dronology/services/dronesetup/DroneSetupService.java
RE-25.txt,edu.nd.dronology.validation.safetycase/src/edu/nd/dronology/validation/safetycase/monitoring/UAVValidationInformation.java
RE-28.txt,edu.nd.dronology.core/src/edu/nd/dronology/core/flight/PlanPool.java
RE-28.txt,edu.nd.dronology.core/src/edu/nd/dronology/core/flight/PlanPoolManager.java
RE-28.txt,edu.nd.dronology.core/src/edu/nd/dronology/core/flight/internal/SoloDirector.java
RE-28.txt,edu.nd.dronology.core/src/edu/nd/dronology/core/flightzone/FlightZoneManager2.java
RE-28.txt,edu.nd.dronology.core/src/edu/nd/dronology/core/vehicle/ManagedDrone.java
RE-28.txt,edu.nd.dronology.services/src/edu/nd/dronology/services/missionplanning/plan/FullMissionPlan.java
RE-28.txt,edu.nd.dronology.services/src/edu/nd/dronology/services/missionplanning/plan/MissionController.java
RE-28.txt,edu.nd.dronology.services/src/edu/nd/dronology/services/missionplanning/plan/UAVMissionPlan.java
RE-28.txt,edu.nd.dronology.ui.vaadin/src/main/java/edu/nd/dronology/ui/vaadin/connector/DronologyActionExecutor.java
RE-36.txt,edu.nd.dronology.core/src/edu/nd/dronology/core/fleet/DroneFleetManager.java
RE-36.txt,edu.nd.dronology.core/src/edu/nd/dronology/core/fleet/RuntimeDroneTypes.java
RE-36.txt,edu.nd.dronology.core/src/edu/nd/dronology/core/flight/PlanPoolManager.java
RE-36.txt,edu.nd.dronology.core/src/edu/nd/dronology/core/flightzone/FlightZoneManager2.java
RE-36.txt,edu.nd.dronology.core/src/edu/nd/dronology/core/vehicle/proxy/UAVProxyManager.java
RE-36.txt,edu.nd.dronology.core/test/edu/nd/dronology/core/gui_middleware/TestDroneCollectionStatus.java
RE-36.txt,edu.nd.dronology.services/src/edu/nd/dronology/services/dronesetup/IDroneSetupServiceInstance.java
RE-38.txt,edu.nd.dronology.core/src/edu/nd/dronology/core/fleet/DroneType.java
RE-38.txt,edu.nd.dronology.core/src/edu/nd/dronology/core/vehicle/AbstractDrone.java
RE-38.txt,edu.nd.dronology.gstation.python.connector/src/edu/nd/dronology/gstation/connector/messages/AbstractUAVMessage.java
RE-38.txt,edu.nd.dronology.services.core/src/edu/nd/dronology/services/core/info/DroneSpecificationInfo.java
RE-38.txt,edu.nd.dronology.services.core/src/edu/nd/dronology/services/core/items/DroneSpecification.java
RE-38.txt,edu.nd.dronology.services.core/src/edu/nd/dronology/services/core/items/IDroneSpecification.java
RE-38.txt,edu.nd.dronology.services/src/edu/nd/dronology/services/specification/IDroneSpecificationServiceInstance.java
RE-424.txt,edu.nd.dronology.core/src/edu/nd/dronology/core/flight/IFlightDirector.java
RE-424.txt,edu.nd.dronology.core/src/edu/nd/dronology/core/flight/internal/SoloDirector.java
RE-424.txt,edu.nd.dronology.core/src/edu/nd/dronology/core/flightzone/FlightZoneManager2.java
RE-424.txt,edu.nd.dronology.core/src/edu/nd/dronology/core/vehicle/ManagedDrone.java
RE-424.txt,edu.nd.dronology.core/test/edu/nd/dronology/core/flight_manager/TestSoloDirector.java
RE-424.txt,edu.nd.dronology.services.core/src/edu/nd/dronology/services/core/remote/IFlightManagerRemoteService.java
RE-424.txt,edu.nd.dronology.services/src/edu/nd/dronology/services/facades/FlightManagerServiceRemoteFacade.java
RE-424.txt,edu.nd.dronology.services/src/edu/nd/dronology/services/instances/flightmanager/FlightManagerService.java
RE-424.txt,edu.nd.dronology.services/src/edu/nd/dronology/services/instances/flightmanager/IFlightManagerServiceInstance.java
RE-424.txt,edu.nd.dronology.ui.vaadin/src/main/java/edu/nd/dronology/ui/vaadin/connector/DronologyActionExecutor.java
RE-501.txt,edu.nd.dronology.core/src/edu/nd/dronology/core/collisionavoidance/guidancecommands/WaypointCommand.java
RE-501.txt,edu.nd.dronology.core/src/edu/nd/dronology/core/flight/FlightPlanFactory.java
RE-501.txt,edu.nd.dronology.core/src/edu/nd/dronology/core/flight/IFlightDirector.java
RE-501.txt,edu.nd.dronology.core/src/edu/nd/dronology/core/flight/IFlightPlan.java
RE-501.txt,edu.nd.dronology.core/src/edu/nd/dronology/core/flight/internal/FlightPlan.java
RE-501.txt,edu.nd.dronology.core/src/edu/nd/dronology/core/flight/internal/SimpleTakeoffFlightPlan.java
RE-501.txt,edu.nd.dronology.core/src/edu/nd/dronology/core/flight/internal/SoloDirector.java
RE-501.txt,edu.nd.dronology.core/src/edu/nd/dronology/core/util/Waypoint.java
RE-501.txt,edu.nd.dronology.misc/src/edu/nd/dronology/misc/scripts/RouteAssignmentDemoScript.java
RE-501.txt,edu.nd.dronology.services.core/src/edu/nd/dronology/services/core/info/FlightPlanInfo.java
RE-501.txt,edu.nd.dronology.services.core/src/edu/nd/dronology/services/core/info/FlightRouteInfo.java
RE-501.txt,edu.nd.dronology.services.core/src/edu/nd/dronology/services/core/items/FlightRoute.java
RE-501.txt,edu.nd.dronology.services.core/src/edu/nd/dronology/services/core/items/IFlightRoute.java
RE-501.txt,edu.nd.dronology.services/src/edu/nd/dronology/services/instances/flightmanager/IFlightManagerServiceInstance.java
RE-501.txt,edu.nd.dronology.services/src/edu/nd/dronology/services/instances/flightroute/FlightRouteplanningServiceInstance.java
RE-501.txt,edu.nd.dronology.services/src/edu/nd/dronology/services/missionplanning/tasks/WaypointTask.java
RE-501.txt,edu.nd.dronology.ui.vaadin/src/main/java/edu/nd/dronology/ui/vaadin/utils/UIWayPoint.java
RE-503.txt,edu.nd.dronology.core/src/edu/nd/dronology/core/flight/IFlightDirector.java
RE-503.txt,edu.nd.dronology.services/src/edu/nd/dronology/services/facades/FlightRouteplanningServiceRemoteFacade.java
RE-503.txt,edu.nd.dronology.services/src/edu/nd/dronology/services/instances/flightmanager/FlightManagerServiceInstance.java
RE-505.txt,edu.nd.dronology.services.core/src/edu/nd/dronology/services/core/persistence/FlightRoutePersistenceProvider.java
RE-505.txt,edu.nd.dronology.services.core/src/edu/nd/dronology/services/core/persistence/internal/FlightRouteXStreamPersistor.java
RE-505.txt,edu.nd.dronology.services.core/src/edu/nd/dronology/services/core/remote/IFlightRouteplanningRemoteService.java
RE-505.txt,edu.nd.dronology.services/src/edu/nd/dronology/services/facades/FlightRouteplanningServiceRemoteFacade.java
RE-505.txt,edu.nd.dronology.services/src/edu/nd/dronology/services/instances/flightroute/FlightRouteplanningServiceInstance.java
RE-505.txt,edu.nd.dronology.ui.vaadin/src/main/java/edu/nd/dronology/ui/vaadin/flightroutes/windows/FRNewRouteWindow.java
RE-508.txt,edu.nd.dronology.core/src/edu/nd/dronology/core/flight/IFlightPlan.java
RE-508.txt,edu.nd.dronology.core/src/edu/nd/dronology/core/flight/internal/SimpleTakeoffFlightPlan.java
RE-508.txt,edu.nd.dronology.core/src/edu/nd/dronology/core/flightzone/FlightZoneManager2.java
RE-508.txt,edu.nd.dronology.core/src/edu/nd/dronology/core/vehicle/commands/TakeoffCommand.java
RE-508.txt,edu.nd.dronology.misc/src/edu/nd/dronology/misc/scripts/RouteAssignmentDemoScript.java
RE-508.txt,edu.nd.dronology.services.core/src/edu/nd/dronology/services/core/items/FlightRoute.java
RE-508.txt,edu.nd.dronology.services.core/src/edu/nd/dronology/services/core/items/IFlightRoute.java
RE-508.txt,edu.nd.dronology.services/src/edu/nd/dronology/services/missionplanning/patterns/CoordinatedTakeoffPattern.java
RE-508.txt,edu.nd.dronology.ui.vaadin/src/main/java/edu/nd/dronology/ui/vaadin/flightroutes/windows/FRNewWayPointWindow.java
RE-508.txt,edu.nd.dronology.ui.vaadin/src/main/java/edu/nd/dronology/ui/vaadin/flightroutes/windows/TakeoffAltitudeWindow.java
RE-510.txt,edu.nd.dronology.core/src/edu/nd/dronology/core/coordinate/AbstractPosition.java
RE-510.txt,edu.nd.dronology.core/src/edu/nd/dronology/core/coordinate/LlaCoordinate.java
RE-510.txt,edu.nd.dronology.core/src/edu/nd/dronology/core/coordinate/PVector.java
RE-510.txt,edu.nd.dronology.core/test/edu/nd/dronology/core/utilities/TestAbstractPosition.java
RE-510.txt,edu.nd.dronology.core/test/edu/nd/dronology/core/utilities/TestLlaCoordinate.java
RE-516.txt,edu.nd.dronology.core/src/edu/nd/dronology/core/coordinate/AbstractPosition.java
RE-516.txt,edu.nd.dronology.core/src/edu/nd/dronology/core/coordinate/NVector.java
RE-516.txt,edu.nd.dronology.core/src/edu/nd/dronology/core/simulator/simplesimulator/DistanceCalculator.java
RE-516.txt,edu.nd.dronology.core/src/edu/nd/dronology/core/simulator/simplesimulator/FlightSimulator.java
RE-516.txt,edu.nd.dronology.core/src/edu/nd/dronology/core/util/DistanceUtil.java
RE-516.txt,edu.nd.dronology.core/test/edu/nd/dronology/core/simulator/nvecsimulator/NvecInterpolatorTest.java
RE-516.txt,edu.nd.dronology.core/test/edu/nd/dronology/core/utilities/TestNVector.java
RE-516.txt,edu.nd.dronology.core/test/edu/nd/dronology/core/utilities/TestPVector.java
RE-516.txt,edu.nd.dronology.monitoring.simplechecker/src/edu/nd/dronology/monitoring/simplechecker/checker/DistanceChecker.java
RE-517.txt,edu.nd.dronology.core/src/edu/nd/dronology/core/coordinate/AbstractPosition.java
RE-517.txt,edu.nd.dronology.core/src/edu/nd/dronology/core/simulator/simplesimulator/FlightSimulator.java
RE-521.txt,edu.nd.dronology.core/src/edu/nd/dronology/core/collisionavoidance/guidancecommands/StopCommand.java
RE-521.txt,edu.nd.dronology.core/src/edu/nd/dronology/core/flightzone/FlightZoneManager2.java
RE-521.txt,edu.nd.dronology.core/src/edu/nd/dronology/core/vehicle/ManagedDrone.java
RE-521.txt,edu.nd.dronology.core/src/edu/nd/dronology/core/vehicle/commands/EmergencyStopCommand.java
RE-521.txt,edu.nd.dronology.core/src/edu/nd/dronology/core/vehicle/uav/IStopStrategy.java
RE-523.txt,edu.nd.dronology.core/src/edu/nd/dronology/core/flightzone/FlightZoneManager2.java
RE-523.txt,edu.nd.dronology.ui.vaadin/src/main/java/edu/nd/dronology/ui/vaadin/connector/DronologyActionExecutor.java
RE-525.txt,edu.nd.dronology.core/src/edu/nd/dronology/core/flight/IFlightPlan.java
RE-525.txt,edu.nd.dronology.core/src/edu/nd/dronology/core/flightzone/FlightZoneManager2.java
RE-525.txt,edu.nd.dronology.core/src/edu/nd/dronology/core/vehicle/ManagedDrone.java
RE-525.txt,edu.nd.dronology.services/src/edu/nd/dronology/services/missionplanning/plan/MissionUtil.java
RE-525.txt,edu.nd.dronology.services/src/edu/nd/dronology/services/missionplanning/plan/UAVMissionPlan.java
RE-531.txt,edu.nd.dronology.core/src/edu/nd/dronology/core/flight/IFlightPlan.java
RE-531.txt,edu.nd.dronology.core/src/edu/nd/dronology/core/flight/internal/SimpleTakeoffFlightPlan.java
RE-531.txt,edu.nd.dronology.core/src/edu/nd/dronology/core/flightzone/FlightZoneManager2.java
RE-531.txt,edu.nd.dronology.core/src/edu/nd/dronology/core/vehicle/DroneFlightStateManager.java
RE-531.txt,edu.nd.dronology.core/src/edu/nd/dronology/core/vehicle/ManagedDrone.java
RE-531.txt,edu.nd.dronology.core/src/edu/nd/dronology/core/vehicle/commands/TakeoffCommand.java
RE-531.txt,edu.nd.dronology.core/src/edu/nd/dronology/core/vehicle/internal/PhysicalDrone.java
RE-531.txt,edu.nd.dronology.core/src/edu/nd/dronology/core/vehicle/internal/VirtualDrone.java
RE-531.txt,edu.nd.dronology.services.core/src/edu/nd/dronology/services/core/remote/IFlightManagerRemoteService.java
RE-531.txt,edu.nd.dronology.services/src/edu/nd/dronology/services/facades/FlightManagerServiceRemoteFacade.java
RE-531.txt,edu.nd.dronology.services/src/edu/nd/dronology/services/instances/flightmanager/FlightManagerService.java
RE-531.txt,edu.nd.dronology.services/src/edu/nd/dronology/services/instances/flightmanager/FlightManagerServiceInstance.java
RE-531.txt,edu.nd.dronology.services/src/edu/nd/dronology/services/missionplanning/patterns/CoordinatedTakeoffPattern.java
RE-531.txt,edu.nd.dronology.services/src/edu/nd/dronology/services/missionplanning/plan/UAVMissionPlan.java
RE-531.txt,edu.nd.dronology.services/src/edu/nd/dronology/services/missionplanning/tasks/TakeoffTask.java
RE-531.txt,edu.nd.dronology.ui.vaadin/src/main/java/edu/nd/dronology/ui/vaadin/flightroutes/windows/TakeoffAltitudeWindow.java
RE-541.txt,edu.nd.dronology.core/src/edu/nd/dronology/core/flight/IFlightDirector.java
RE-541.txt,edu.nd.dronology.core/src/edu/nd/dronology/core/flightzone/FlightZoneManager2.java
RE-541.txt,edu.nd.dronology.services/src/edu/nd/dronology/services/instances/flightmanager/FlightManagerServiceInstance.java
RE-541.txt,edu.nd.dronology.services/src/edu/nd/dronology/services/instances/flightmanager/FlightMissionManager.java
RE-541.txt,edu.nd.dronology.services/src/edu/nd/dronology/services/missionplanning/patterns/AbstractFlightPattern.java
RE-541.txt,edu.nd.dronology.services/src/edu/nd/dronology/services/missionplanning/patterns/CoordinatedLandingPattern.java
RE-541.txt,edu.nd.dronology.services/src/edu/nd/dronology/services/missionplanning/patterns/CoordinatedTakeoffPattern.java
RE-541.txt,edu.nd.dronology.services/src/edu/nd/dronology/services/missionplanning/patterns/IFlightPattern.java
RE-541.txt,edu.nd.dronology.services/src/edu/nd/dronology/services/missionplanning/patterns/PatternFactory.java
RE-541.txt,edu.nd.dronology.services/src/edu/nd/dronology/services/missionplanning/plan/UAVMissionPlan.java
RE-541.txt,edu.nd.dronology.services/src/edu/nd/dronology/services/missionplanning/tasks/PatternTask.java
RE-541.txt,edu.nd.dronology.services/src/edu/nd/dronology/services/missionplanning/tasks/TaskFactory.java
RE-545.txt,edu.nd.dronology.core/src/edu/nd/dronology/core/flightzone/FlightZoneManager2.java
RE-545.txt,edu.nd.dronology.services.core/src/edu/nd/dronology/services/core/remote/IMissionPlanningRemoteService.java
RE-545.txt,edu.nd.dronology.services/src/edu/nd/dronology/services/facades/MissionPlanningServiceRemoteFacade.java
RE-545.txt,edu.nd.dronology.services/src/edu/nd/dronology/services/instances/missionplanning/IMissionPlanningServiceInstance.java
RE-545.txt,edu.nd.dronology.services/src/edu/nd/dronology/services/instances/missionplanning/MissionPlanningService.java
RE-545.txt,edu.nd.dronology.services/src/edu/nd/dronology/services/instances/missionplanning/MissionPlanningServiceInstance.java
RE-545.txt,edu.nd.dronology.services/src/edu/nd/dronology/services/missionplanning/plan/FullMissionPlan.java
RE-545.txt,edu.nd.dronology.services/src/edu/nd/dronology/services/missionplanning/plan/MissionController.java
RE-545.txt,edu.nd.dronology.services/src/edu/nd/dronology/services/missionplanning/plan/MissionUtil.java
RE-545.txt,edu.nd.dronology.ui.vaadin/src/main/java/edu/nd/dronology/ui/vaadin/activeflights/AFMissionOperations.java
RE-547.txt,edu.nd.dronology.core/src/edu/nd/dronology/core/flight/PlanPool.java
RE-547.txt,edu.nd.dronology.core/src/edu/nd/dronology/core/flightzone/FlightZoneManager2.java
RE-547.txt,edu.nd.dronology.core/src/edu/nd/dronology/core/mission/UavRoutePair.java
RE-547.txt,edu.nd.dronology.misc/src/edu/nd/dronology/misc/scripts/RouteAssignmentDemoScript.java
RE-547.txt,edu.nd.dronology.misc/src/edu/nd/dronology/misc/scripts/Runner.java
RE-547.txt,edu.nd.dronology.services.core/src/edu/nd/dronology/services/core/remote/IFlightManagerRemoteService.java
RE-547.txt,edu.nd.dronology.services/src/edu/nd/dronology/services/instances/flightmanager/FlightManagerService.java
RE-547.txt,edu.nd.dronology.services/src/edu/nd/dronology/services/instances/flightmanager/FlightMissionManager.java
RE-547.txt,edu.nd.dronology.services/src/edu/nd/dronology/services/instances/flightmanager/IFlightManagerServiceInstance.java
RE-547.txt,edu.nd.dronology.services/src/edu/nd/dronology/services/missionplanning/plan/UAVMissionPlan.java
RE-547.txt,edu.nd.dronology.ui.vaadin/src/main/java/edu/nd/dronology/ui/vaadin/connector/DronologyActionExecutor.java
RE-549.txt,edu.nd.dronology.core/src/edu/nd/dronology/core/flight/IFlightPlan.java
RE-549.txt,edu.nd.dronology.core/src/edu/nd/dronology/core/flight/PlanPoolManager.java
RE-549.txt,edu.nd.dronology.core/src/edu/nd/dronology/core/flightzone/FlightZoneManager2.java
RE-549.txt,edu.nd.dronology.core/src/edu/nd/dronology/core/mission/RouteSet.java
RE-549.txt,edu.nd.dronology.core/src/edu/nd/dronology/core/mission/UavRoutePair.java
RE-549.txt,edu.nd.dronology.misc/src/edu/nd/dronology/misc/scripts/RouteAssignmentDemoScript.java
RE-549.txt,edu.nd.dronology.services/src/edu/nd/dronology/services/facades/FlightManagerServiceRemoteFacade.java
RE-549.txt,edu.nd.dronology.services/src/edu/nd/dronology/services/instances/flightmanager/FlightManagerService.java
RE-549.txt,edu.nd.dronology.services/src/edu/nd/dronology/services/instances/flightmanager/FlightMissionManager.java
RE-549.txt,edu.nd.dronology.services/src/edu/nd/dronology/services/instances/flightmanager/IFlightManagerServiceInstance.java
RE-549.txt,edu.nd.dronology.services/src/edu/nd/dronology/services/missionplanning/plan/MissionUtil.java
RE-549.txt,edu.nd.dronology.services/src/edu/nd/dronology/services/missionplanning/plan/UAVMissionPlan.java
RE-549.txt,edu.nd.dronology.ui.vaadin/src/main/java/edu/nd/dronology/ui/vaadin/activeflights/AFAssignRouteComponent.java
RE-549.txt,edu.nd.dronology.ui.vaadin/src/main/java/edu/nd/dronology/ui/vaadin/connector/DronologyActionExecutor.java
RE-551.txt,edu.nd.dronology.core/src/edu/nd/dronology/core/flightzone/FlightZoneManager2.java
RE-551.txt,edu.nd.dronology.core/src/edu/nd/dronology/core/mission/UavRoutePair.java
RE-551.txt,edu.nd.dronology.misc/src/edu/nd/dronology/misc/scripts/Runner.java
RE-551.txt,edu.nd.dronology.ui.vaadin/src/main/java/edu/nd/dronology/ui/vaadin/activeflights/AFAssignRouteComponent.java
RE-555.txt,edu.nd.dronology.core/src/edu/nd/dronology/core/collisionavoidance/guidancecommands/StopCommand.java
RE-555.txt,edu.nd.dronology.core/src/edu/nd/dronology/core/vehicle/ManagedDrone.java
RE-558.txt,edu.nd.dronology.core/src/edu/nd/dronology/core/flight/PlanPool.java
RE-558.txt,edu.nd.dronology.core/src/edu/nd/dronology/core/flight/PlanPoolManager.java
RE-558.txt,edu.nd.dronology.core/src/edu/nd/dronology/core/flightzone/FlightZoneManager2.java
RE-558.txt,edu.nd.dronology.services.core/src/edu/nd/dronology/services/core/remote/IMissionPlanningRemoteService.java
RE-558.txt,edu.nd.dronology.services/src/edu/nd/dronology/services/facades/MissionPlanningServiceRemoteFacade.java
RE-558.txt,edu.nd.dronology.services/src/edu/nd/dronology/services/instances/missionplanning/IMissionPlanningServiceInstance.java
RE-558.txt,edu.nd.dronology.services/src/edu/nd/dronology/services/instances/missionplanning/MissionPlanningService.java
RE-558.txt,edu.nd.dronology.services/src/edu/nd/dronology/services/missionplanning/plan/FullMissionPlan.java
RE-558.txt,edu.nd.dronology.services/src/edu/nd/dronology/services/missionplanning/plan/MissionController.java
RE-558.txt,edu.nd.dronology.services/src/edu/nd/dronology/services/missionplanning/plan/MissionUtil.java
RE-562.txt,edu.nd.dronology.core/src/edu/nd/dronology/core/collisionavoidance/guidancecommands/WaypointCommand.java
RE-562.txt,edu.nd.dronology.core/src/edu/nd/dronology/core/flight/FlightPlanFactory.java
RE-562.txt,edu.nd.dronology.core/src/edu/nd/dronology/core/flight/IFlightDirector.java
RE-562.txt,edu.nd.dronology.core/src/edu/nd/dronology/core/flight/IFlightPlan.java
RE-562.txt,edu.nd.dronology.core/src/edu/nd/dronology/core/flight/internal/FlightPlan.java
RE-562.txt,edu.nd.dronology.core/src/edu/nd/dronology/core/flight/internal/SimpleTakeoffFlightPlan.java
RE-562.txt,edu.nd.dronology.core/src/edu/nd/dronology/core/util/Waypoint.java
RE-562.txt,edu.nd.dronology.services.core/src/edu/nd/dronology/services/core/info/FlightPlanInfo.java
RE-562.txt,edu.nd.dronology.services.core/src/edu/nd/dronology/services/core/info/FlightRouteInfo.java
RE-562.txt,edu.nd.dronology.services.core/src/edu/nd/dronology/services/core/items/FlightRoute.java
RE-562.txt,edu.nd.dronology.services.core/src/edu/nd/dronology/services/core/items/IFlightRoute.java
RE-562.txt,edu.nd.dronology.services/src/edu/nd/dronology/services/missionplanning/patterns/CoordinatedLandingPattern.java
RE-562.txt,edu.nd.dronology.services/src/edu/nd/dronology/services/missionplanning/patterns/CoordinatedTakeoffPattern.java
RE-562.txt,edu.nd.dronology.services/src/edu/nd/dronology/services/missionplanning/patterns/IFlightPattern.java
RE-562.txt,edu.nd.dronology.services/src/edu/nd/dronology/services/missionplanning/plan/UAVMissionPlan.java
RE-562.txt,edu.nd.dronology.services/src/edu/nd/dronology/services/missionplanning/tasks/PatternTask.java
RE-562.txt,edu.nd.dronology.services/src/edu/nd/dronology/services/missionplanning/tasks/TakeoffTask.java
RE-562.txt,edu.nd.dronology.services/src/edu/nd/dronology/services/missionplanning/tasks/WaypointTask.java
RE-562.txt,edu.nd.dronology.ui.vaadin/src/main/java/edu/nd/dronology/ui/vaadin/utils/UIWayPoint.java
RE-563.txt,edu.nd.dronology.core/src/edu/nd/dronology/core/collisionavoidance/CollisionAvoider.java
RE-563.txt,edu.nd.dronology.core/src/edu/nd/dronology/core/flightzone/FlightZoneManager2.java
RE-563.txt,edu.nd.dronology.core/src/edu/nd/dronology/core/vehicle/ManagedDrone.java
RE-563.txt,edu.nd.dronology.core/test/edu/nd/dronology/core/collisionavoidance/TestStopEveryone.java
RE-563.txt,edu.nd.dronology.services/src/edu/nd/dronology/services/instances/flightmanager/FlightMissionManager.java
RE-563.txt,edu.nd.dronology.services/src/edu/nd/dronology/services/missionplanning/patterns/IFlightPattern.java
RE-574.txt,edu.nd.dronology.core/src/edu/nd/dronology/core/vehicle/AbstractDrone.java
RE-574.txt,edu.nd.dronology.core/src/edu/nd/dronology/core/vehicle/IUAVProxy.java
RE-574.txt,edu.nd.dronology.core/src/edu/nd/dronology/core/vehicle/commands/AbstractDroneCommand.java
RE-574.txt,edu.nd.dronology.core/src/edu/nd/dronology/core/vehicle/commands/ConnectionResponseCommand.java
RE-574.txt,edu.nd.dronology.core/src/edu/nd/dronology/core/vehicle/internal/PhysicalDrone.java
RE-574.txt,edu.nd.dronology.gstation.python.connector/src/edu/nd/dronology/gstation/connector/GroundstationConnector.java
RE-574.txt,edu.nd.dronology.gstation.python.connector/src/edu/nd/dronology/gstation/connector/MAVLinkUAVConnector.java
RE-574.txt,edu.nd.dronology.gstation.python.connector/src/edu/nd/dronology/gstation/connector/messages/ConnectionRequestMessage.java
RE-574.txt,edu.nd.dronology.gstation.python.connector/src/edu/nd/dronology/gstation/connector/messages/UAVHandshakeMessage.java
RE-574.txt,edu.nd.dronology.gstation.python.connector/src/edu/nd/dronology/gstation/connector/messages/UAVModeChangeMessage.java
RE-574.txt,edu.nd.dronology.gstation.python.connector/src/edu/nd/dronology/gstation/connector/messages/UAVMonitoringMessage.java
RE-574.txt,edu.nd.dronology.gstation.python.connector/src/edu/nd/dronology/gstation/connector/messages/UAVStateMessage.java
RE-574.txt,edu.nd.dronology.gstation.python.connector/src/edu/nd/dronology/gstation/connector/service/connector/DroneConnectorServiceInstance.java
RE-574.txt,edu.nd.dronology.gstation.python.connector/test/edu/nd/dronology/groundstation/connector/PhysicalDroneTest.java
RE-574.txt,edu.nd.dronology.misc/src/edu/nd/dronology/misc/gcs/FakePassivPythonGroundstation.java
RE-574.txt,edu.nd.dronology.misc/src/edu/nd/dronology/misc/gcs/FakePassivPythonGroundstation2.java
RE-574.txt,edu.nd.dronology.services.core/src/edu/nd/dronology/services/core/remote/IDroneSetupRemoteService.java
RE-576.txt,edu.nd.dronology.core/src/edu/nd/dronology/core/fleet/VirtualDroneFleetFactory.java
RE-576.txt,edu.nd.dronology.core/src/edu/nd/dronology/core/simulator/IBatterySimulator.java
RE-576.txt,edu.nd.dronology.core/src/edu/nd/dronology/core/simulator/IFlightSimulator.java
RE-576.txt,edu.nd.dronology.core/src/edu/nd/dronology/core/simulator/IMovementSimulator.java
RE-576.txt,edu.nd.dronology.core/src/edu/nd/dronology/core/simulator/SimulatorFactory.java
RE-576.txt,edu.nd.dronology.core/src/edu/nd/dronology/core/simulator/nvecsimulator/NVECSimulator.java
RE-576.txt,edu.nd.dronology.core/src/edu/nd/dronology/core/simulator/simplesimulator/FlightSimulator.java
RE-576.txt,edu.nd.dronology.core/src/edu/nd/dronology/core/simulator/simplesimulator/SimpleSimulator.java
RE-576.txt,edu.nd.dronology.core/src/edu/nd/dronology/core/vehicle/AbstractDrone.java
RE-576.txt,edu.nd.dronology.core/src/edu/nd/dronology/core/vehicle/IUAVProxy.java
RE-576.txt,edu.nd.dronology.core/src/edu/nd/dronology/core/vehicle/ManagedDrone.java
RE-576.txt,edu.nd.dronology.core/src/edu/nd/dronology/core/vehicle/internal/PhysicalDrone.java
RE-576.txt,edu.nd.dronology.core/src/edu/nd/dronology/core/vehicle/internal/VirtualDrone.java
RE-576.txt,edu.nd.dronology.core/src/edu/nd/dronology/core/vehicle/proxy/UAVProxy.java
RE-576.txt,edu.nd.dronology.core/test/edu/nd/dronology/core/fleet_manager/TestVirtualDroneFleetFactory.java
RE-576.txt,edu.nd.dronology.services.core/src/edu/nd/dronology/services/core/remote/IDroneSetupRemoteService.java
RE-576.txt,edu.nd.dronology.services/src/edu/nd/dronology/services/dronesetup/DroneSetupService.java
RE-576.txt,edu.nd.dronology.services/src/edu/nd/dronology/services/dronesetup/DroneSetupServiceInstance.java
RE-587.txt,edu.nd.dronology.core/src/edu/nd/dronology/core/flight/PlanPoolManager.java
RE-587.txt,edu.nd.dronology.core/src/edu/nd/dronology/core/vehicle/ManagedDrone.java
RE-587.txt,edu.nd.dronology.services.core/src/edu/nd/dronology/services/core/remote/IFlightManagerRemoteService.java
RE-587.txt,edu.nd.dronology.services/src/edu/nd/dronology/services/dronesetup/DroneSetupServiceInstance.java
RE-587.txt,edu.nd.dronology.services/src/edu/nd/dronology/services/facades/FlightManagerServiceRemoteFacade.java
RE-587.txt,edu.nd.dronology.services/src/edu/nd/dronology/services/instances/flightmanager/FlightManagerService.java
RE-587.txt,edu.nd.dronology.services/src/edu/nd/dronology/services/instances/missionplanning/IMissionPlanningServiceInstance.java
RE-589.txt,edu.nd.dronology.core/src/edu/nd/dronology/core/flightzone/FlightZoneManager2.java
RE-592.txt,edu.nd.dronology.core/src/edu/nd/dronology/core/fleet/DroneFleetManager.java
RE-592.txt,edu.nd.dronology.core/src/edu/nd/dronology/core/vehicle/AbstractDrone.java
RE-592.txt,edu.nd.dronology.core/src/edu/nd/dronology/core/vehicle/proxy/UAVProxy.java
RE-592.txt,edu.nd.dronology.core/src/edu/nd/dronology/core/vehicle/proxy/UAVProxyManager.java
RE-592.txt,edu.nd.dronology.services.core/src/edu/nd/dronology/services/core/base/AbstractRegisterableUnit.java
RE-592.txt,edu.nd.dronology.services.core/src/edu/nd/dronology/services/core/items/DroneSpecification.java
RE-593.txt,edu.nd.dronology.core/src/edu/nd/dronology/core/simulator/IBatterySimulator.java
RE-593.txt,edu.nd.dronology.core/src/edu/nd/dronology/core/simulator/IFlightSimulator.java
RE-593.txt,edu.nd.dronology.core/src/edu/nd/dronology/core/simulator/IMovementSimulator.java
RE-593.txt,edu.nd.dronology.core/src/edu/nd/dronology/core/simulator/SimulatorFactory.java
RE-593.txt,edu.nd.dronology.core/src/edu/nd/dronology/core/simulator/nvecsimulator/NVECSimulator.java
RE-593.txt,edu.nd.dronology.core/src/edu/nd/dronology/core/simulator/simplesimulator/DroneVoltageSimulator.java
RE-593.txt,edu.nd.dronology.core/src/edu/nd/dronology/core/simulator/simplesimulator/FlightSimulator.java
RE-593.txt,edu.nd.dronology.core/src/edu/nd/dronology/core/simulator/simplesimulator/SimpleSimulator.java
RE-593.txt,edu.nd.dronology.core/src/edu/nd/dronology/core/vehicle/AbstractDrone.java
RE-593.txt,edu.nd.dronology.core/src/edu/nd/dronology/core/vehicle/ManagedDrone.java
RE-593.txt,edu.nd.dronology.core/src/edu/nd/dronology/core/vehicle/internal/PhysicalDrone.java
RE-593.txt,edu.nd.dronology.core/src/edu/nd/dronology/core/vehicle/internal/VirtualDrone.java
RE-593.txt,edu.nd.dronology.core/test/edu/nd/dronology/core/fleet_manager/TestVirtualDroneFleetFactory.java
RE-593.txt,edu.nd.dronology.gstation.python.connector/test/edu/nd/dronology/groundstation/connector/PhysicalDroneTest.java
RE-593.txt,edu.nd.dronology.misc/src/edu/nd/dronology/misc/gcs/FakePassivPythonGroundstation2.java
RE-593.txt,edu.nd.dronology.services.core/src/edu/nd/dronology/services/core/items/ISimulatorScenario.java
RE-593.txt,edu.nd.dronology.services.core/src/edu/nd/dronology/services/core/items/SimulatorScenario.java
RE-593.txt,edu.nd.dronology.services/src/edu/nd/dronology/services/instances/dronesimulator/DroneSimulatorService.java
RE-593.txt,edu.nd.dronology.services/src/edu/nd/dronology/services/instances/dronesimulator/DroneSimulatorServiceInstance.java
RE-593.txt,edu.nd.dronology.services/src/edu/nd/dronology/services/instances/dronesimulator/IDroneSimulatorServiceInstance.java
RE-594.txt,edu.nd.dronology.core/src/edu/nd/dronology/core/collisionavoidance/guidancecommands/WaypointCommand.java
RE-594.txt,edu.nd.dronology.core/src/edu/nd/dronology/core/flight/internal/SimpleTakeoffFlightPlan.java
RE-594.txt,edu.nd.dronology.core/src/edu/nd/dronology/core/flightzone/FlightZoneManager2.java
RE-594.txt,edu.nd.dronology.core/src/edu/nd/dronology/core/simulator/IFlightSimulator.java
RE-594.txt,edu.nd.dronology.core/src/edu/nd/dronology/core/simulator/nvecsimulator/NVECSimulator.java
RE-594.txt,edu.nd.dronology.core/src/edu/nd/dronology/core/simulator/simplesimulator/FlightSimulator.java
RE-594.txt,edu.nd.dronology.core/src/edu/nd/dronology/core/vehicle/commands/TakeoffCommand.java
RE-594.txt,edu.nd.dronology.core/src/edu/nd/dronology/core/vehicle/internal/PhysicalDrone.java
RE-594.txt,edu.nd.dronology.core/src/edu/nd/dronology/core/vehicle/internal/VirtualDrone.java
RE-594.txt,edu.nd.dronology.gstation.python.connector/test/edu/nd/dronology/groundstation/connector/PhysicalDroneTest.java
RE-594.txt,edu.nd.dronology.services/src/edu/nd/dronology/services/missionplanning/patterns/CoordinatedTakeoffPattern.java
RE-594.txt,edu.nd.dronology.services/src/edu/nd/dronology/services/missionplanning/tasks/TakeoffTask.java
RE-595.txt,edu.nd.dronology.core/src/edu/nd/dronology/core/simulator/IFlightSimulator.java
RE-595.txt,edu.nd.dronology.core/src/edu/nd/dronology/core/simulator/IMovementSimulator.java
RE-595.txt,edu.nd.dronology.core/src/edu/nd/dronology/core/simulator/nvecsimulator/NVECSimulator.java
RE-595.txt,edu.nd.dronology.core/src/edu/nd/dronology/core/simulator/simplesimulator/FlightSimulator.java
RE-595.txt,edu.nd.dronology.core/src/edu/nd/dronology/core/simulator/simplesimulator/SimpleSimulator.java
RE-595.txt,edu.nd.dronology.core/src/edu/nd/dronology/core/vehicle/ManagedDrone.java
RE-595.txt,edu.nd.dronology.core/src/edu/nd/dronology/core/vehicle/commands/GoToCommand.java
RE-595.txt,edu.nd.dronology.core/src/edu/nd/dronology/core/vehicle/internal/PhysicalDrone.java
RE-595.txt,edu.nd.dronology.core/src/edu/nd/dronology/core/vehicle/internal/VirtualDrone.java
RE-595.txt,edu.nd.dronology.core/test/edu/nd/dronology/core/simulator/nvecsimulator/NvecInterpolatorTest.java
RE-596.txt,edu.nd.dronology.core/src/edu/nd/dronology/core/flightzone/FlightZoneManager2.java
RE-596.txt,edu.nd.dronology.core/src/edu/nd/dronology/core/vehicle/ManagedDrone.java
RE-596.txt,edu.nd.dronology.core/src/edu/nd/dronology/core/vehicle/commands/LandCommand.java
RE-596.txt,edu.nd.dronology.core/src/edu/nd/dronology/core/vehicle/internal/PhysicalDrone.java
RE-596.txt,edu.nd.dronology.core/src/edu/nd/dronology/core/vehicle/internal/VirtualDrone.java
RE-596.txt,edu.nd.dronology.gstation.python.connector/test/edu/nd/dronology/groundstation/connector/PhysicalDroneTest.java
RE-596.txt,edu.nd.dronology.services/src/edu/nd/dronology/services/missionplanning/patterns/CoordinatedLandingPattern.java
RE-596.txt,edu.nd.dronology.services/src/edu/nd/dronology/services/missionplanning/tasks/LandTask.java
RE-597.txt,edu.nd.dronology.core/src/edu/nd/dronology/core/simulator/IBatterySimulator.java
RE-597.txt,edu.nd.dronology.core/src/edu/nd/dronology/core/simulator/IFlightSimulator.java
RE-597.txt,edu.nd.dronology.core/src/edu/nd/dronology/core/simulator/nvecsimulator/NVECSimulator.java
RE-597.txt,edu.nd.dronology.core/src/edu/nd/dronology/core/simulator/simplesimulator/DroneVoltageSimulator.java
RE-597.txt,edu.nd.dronology.core/src/edu/nd/dronology/core/simulator/simplesimulator/SimpleSimulator.java
RE-597.txt,edu.nd.dronology.core/src/edu/nd/dronology/core/vehicle/internal/VirtualDrone.java
RE-597.txt,edu.nd.dronology.misc/src/edu/nd/dronology/misc/gcs/FakePassivPythonGroundstation2.java
RE-611.txt,edu.nd.dronology.core/src/edu/nd/dronology/core/flight/PlanPool.java
RE-611.txt,edu.nd.dronology.core/src/edu/nd/dronology/core/flight/PlanPoolManager.java
RE-611.txt,edu.nd.dronology.core/src/edu/nd/dronology/core/flight/internal/FlightPlan.java
RE-611.txt,edu.nd.dronology.core/src/edu/nd/dronology/core/flight/internal/SimpleTakeoffFlightPlan.java
RE-611.txt,edu.nd.dronology.core/src/edu/nd/dronology/core/vehicle/DroneFlightStateManager.java
RE-611.txt,edu.nd.dronology.services/src/edu/nd/dronology/services/instances/flightmanager/FlightMissionManager.java
RE-611.txt,edu.nd.dronology.services/src/edu/nd/dronology/services/missionplanning/plan/UAVMissionPlan.java
RE-611.txt,net.mv.logging/src/main/java/net/mv/logging/ILogger.java
RE-616.txt,edu.nd.dronology.core/src/edu/nd/dronology/core/vehicle/commands/AbstractDroneCommand.java
RE-616.txt,edu.nd.dronology.gstation.python.connector/src/edu/nd/dronology/gstation/connector/GroundstationConnector.java
RE-616.txt,edu.nd.dronology.gstation.python.connector/src/edu/nd/dronology/gstation/connector/dispatch/DispatchQueueManager.java
RE-616.txt,edu.nd.dronology.gstation.python.connector/src/edu/nd/dronology/gstation/connector/dispatch/ReadDispatcher.java
RE-616.txt,edu.nd.dronology.gstation.python.connector/src/edu/nd/dronology/gstation/connector/messages/UAVModeChangeMessage.java
RE-616.txt,net.mv.logging/src/main/java/net/mv/logging/ILogger.java
RE-626.txt,edu.nd.dronology.core/src/edu/nd/dronology/core/fleet/DroneFleetManager.java
RE-626.txt,edu.nd.dronology.core/src/edu/nd/dronology/core/status/DroneCollectionStatus.java
RE-626.txt,edu.nd.dronology.core/src/edu/nd/dronology/core/vehicle/proxy/UAVProxyManager.java
RE-626.txt,edu.nd.dronology.services.core/src/edu/nd/dronology/services/core/remote/IDroneSetupRemoteService.java
RE-626.txt,edu.nd.dronology.services/src/edu/nd/dronology/services/dronesetup/DroneSetupService.java
RE-626.txt,edu.nd.dronology.services/src/edu/nd/dronology/services/facades/DroneSetupServiceRemoteFacade.java
RE-626.txt,edu.nd.dronology.services/src/edu/nd/dronology/services/facades/FlightManagerServiceRemoteFacade.java
RE-626.txt,edu.nd.dronology.ui.vaadin/src/main/java/edu/nd/dronology/ui/vaadin/activeflights/AFFollowBar.java
RE-626.txt,edu.nd.dronology.ui.vaadin/src/main/java/edu/nd/dronology/ui/vaadin/activeflights/AFInfoBox.java
RE-626.txt,edu.nd.dronology.ui.vaadin/src/main/java/edu/nd/dronology/ui/vaadin/activeflights/AFInfoPanel.java
RE-626.txt,edu.nd.dronology.ui.vaadin/src/main/java/edu/nd/dronology/ui/vaadin/activeflights/AFMapComponent.java
RE-628.txt,edu.nd.dronology.core/src/edu/nd/dronology/core/mission/RouteSet.java
RE-628.txt,edu.nd.dronology.services/src/edu/nd/dronology/services/facades/FlightRouteplanningServiceRemoteFacade.java
RE-628.txt,edu.nd.dronology.services/src/edu/nd/dronology/services/instances/flightroute/FlightRouteplanningService.java
RE-628.txt,edu.nd.dronology.services/src/edu/nd/dronology/services/instances/flightroute/FlightRouteplanningServiceInstance.java
RE-628.txt,edu.nd.dronology.ui.vaadin/src/main/java/edu/nd/dronology/ui/vaadin/activeflights/AFAssignRouteComponent.java
RE-628.txt,edu.nd.dronology.ui.vaadin/src/main/java/edu/nd/dronology/ui/vaadin/flightroutes/FRControlsComponent.java
RE-628.txt,edu.nd.dronology.ui.vaadin/src/main/java/edu/nd/dronology/ui/vaadin/flightroutes/FRInfoPanel.java
RE-628.txt,edu.nd.dronology.ui.vaadin/src/main/java/edu/nd/dronology/ui/vaadin/flightroutes/FRMainLayout.java
RE-628.txt,edu.nd.dronology.ui.vaadin/src/main/java/edu/nd/dronology/ui/vaadin/flightroutes/FRMapComponent.java
RE-630.txt,edu.nd.dronology.core/src/edu/nd/dronology/core/vehicle/IDrone.java
RE-630.txt,edu.nd.dronology.core/src/edu/nd/dronology/core/vehicle/IDroneCommandHandler.java
RE-630.txt,edu.nd.dronology.core/src/edu/nd/dronology/core/vehicle/ManagedDrone.java
RE-630.txt,edu.nd.dronology.core/src/edu/nd/dronology/core/vehicle/commands/CommandIds.java
RE-630.txt,edu.nd.dronology.gstation.python.connector/src/edu/nd/dronology/gstation/connector/MAVLinkUAVConnector.java
RE-630.txt,edu.nd.dronology.gstation.python.connector/src/edu/nd/dronology/gstation/connector/dispatch/DispatchQueueManager.java
RE-630.txt,edu.nd.dronology.ui.vaadin/src/main/java/edu/nd/dronology/ui/vaadin/activeflights/MissionHandler.java
RE-630.txt,edu.nd.dronology.ui.vaadin/src/main/java/edu/nd/dronology/ui/vaadin/connector/DronologyActionExecutor.java
RE-634.txt,edu.nd.dronology.misc/src/edu/nd/dronology/misc/scripts/RouteAssignmentDemoScript.java
RE-634.txt,edu.nd.dronology.services.core/src/edu/nd/dronology/services/core/info/FlightRouteInfo.java
RE-634.txt,edu.nd.dronology.services.core/src/edu/nd/dronology/services/core/items/FlightRoute.java
RE-634.txt,edu.nd.dronology.services.core/src/edu/nd/dronology/services/core/items/IFlightRoute.java
RE-634.txt,edu.nd.dronology.services/src/edu/nd/dronology/services/facades/FlightRouteplanningServiceRemoteFacade.java
RE-634.txt,edu.nd.dronology.services/src/edu/nd/dronology/services/instances/flightroute/FlightRouteplanningService.java
RE-634.txt,edu.nd.dronology.services/src/edu/nd/dronology/services/missionplanning/plan/MissionUtil.java
RE-634.txt,edu.nd.dronology.ui.vaadin/src/main/java/edu/nd/dronology/ui/vaadin/activeflights/AFAssignRouteComponent.java
RE-634.txt,edu.nd.dronology.ui.vaadin/src/main/java/edu/nd/dronology/ui/vaadin/activeflights/MapDrawingUtil.java
RE-634.txt,edu.nd.dronology.ui.vaadin/src/main/java/edu/nd/dronology/ui/vaadin/connector/DronologyActionExecutor.java
RE-634.txt,edu.nd.dronology.ui.vaadin/src/main/java/edu/nd/dronology/ui/vaadin/flightroutes/FREditModeController.java
RE-634.txt,edu.nd.dronology.ui.vaadin/src/main/java/edu/nd/dronology/ui/vaadin/flightroutes/FRInfoBox.java
RE-634.txt,edu.nd.dronology.ui.vaadin/src/main/java/edu/nd/dronology/ui/vaadin/flightroutes/FRInfoPanel.java
RE-634.txt,edu.nd.dronology.ui.vaadin/src/main/java/edu/nd/dronology/ui/vaadin/flightroutes/FRMainLayout.java
RE-634.txt,edu.nd.dronology.ui.vaadin/src/main/java/edu/nd/dronology/ui/vaadin/flightroutes/FRMapComponent.java
RE-634.txt,edu.nd.dronology.ui.vaadin/src/main/java/edu/nd/dronology/ui/vaadin/flightroutes/windows/FRNewRouteWindow.java
RE-637.txt,edu.nd.dronology.core/src/edu/nd/dronology/core/mission/RouteSet.java
RE-637.txt,edu.nd.dronology.core/src/edu/nd/dronology/core/mission/UavRoutePair.java
RE-637.txt,edu.nd.dronology.core/src/edu/nd/dronology/core/vehicle/DroneFlightStateManager.java
RE-637.txt,edu.nd.dronology.misc/src/edu/nd/dronology/misc/scripts/RouteAssignmentDemoScript.java
RE-637.txt,edu.nd.dronology.services/src/edu/nd/dronology/services/facades/FlightManagerServiceRemoteFacade.java
RE-637.txt,edu.nd.dronology.services/src/edu/nd/dronology/services/missionplanning/plan/MissionUtil.java
RE-637.txt,edu.nd.dronology.services/src/edu/nd/dronology/services/missionplanning/plan/UAVMissionPlan.java
RE-637.txt,edu.nd.dronology.ui.vaadin/src/main/java/edu/nd/dronology/ui/vaadin/activeflights/AFAssignRouteComponent.java
RE-637.txt,edu.nd.dronology.ui.vaadin/src/main/java/edu/nd/dronology/ui/vaadin/connector/DronologyActionExecutor.java
RE-639.txt,edu.nd.dronology.core/src/edu/nd/dronology/core/flight/PlanPoolManager.java
RE-639.txt,edu.nd.dronology.core/src/edu/nd/dronology/core/flightzone/FlightZoneManager2.java
RE-639.txt,edu.nd.dronology.services.core/src/edu/nd/dronology/services/core/remote/IFlightManagerRemoteService.java
RE-639.txt,edu.nd.dronology.services.core/src/edu/nd/dronology/services/core/remote/IMissionPlanningRemoteService.java
RE-639.txt,edu.nd.dronology.services/src/edu/nd/dronology/services/facades/MissionPlanningServiceRemoteFacade.java
RE-639.txt,edu.nd.dronology.services/src/edu/nd/dronology/services/instances/flightmanager/FlightMissionManager.java
RE-639.txt,edu.nd.dronology.services/src/edu/nd/dronology/services/instances/flightmanager/IFlightManagerServiceInstance.java
RE-639.txt,edu.nd.dronology.services/src/edu/nd/dronology/services/instances/missionplanning/IMissionPlanningServiceInstance.java
RE-639.txt,edu.nd.dronology.services/src/edu/nd/dronology/services/instances/missionplanning/MissionPlanningService.java
RE-639.txt,edu.nd.dronology.services/src/edu/nd/dronology/services/instances/missionplanning/MissionPlanningServiceInstance.java
RE-639.txt,edu.nd.dronology.services/src/edu/nd/dronology/services/missionplanning/plan/FullMissionPlan.java
RE-639.txt,edu.nd.dronology.services/src/edu/nd/dronology/services/missionplanning/plan/MissionController.java
RE-639.txt,edu.nd.dronology.services/src/edu/nd/dronology/services/missionplanning/plan/MissionUtil.java
RE-639.txt,edu.nd.dronology.services/src/edu/nd/dronology/services/missionplanning/plan/UAVMissionPlan.java
RE-639.txt,edu.nd.dronology.ui.vaadin/src/main/java/edu/nd/dronology/ui/vaadin/activeflights/AFMissionOperations.java
RE-639.txt,edu.nd.dronology.ui.vaadin/src/main/java/edu/nd/dronology/ui/vaadin/activeflights/MissionHandler.java
RE-639.txt,edu.nd.dronology.ui.vaadin/src/main/java/edu/nd/dronology/ui/vaadin/connector/DronologyActionExecutor.java
RE-642.txt,edu.nd.dronology.ui.vaadin/src/main/java/edu/nd/dronology/ui/vaadin/start/MyUI.java
RE-642.txt,edu.nd.dronology.ui.vaadin/src/main/java/edu/nd/dronology/ui/vaadin/utils/Configuration.java
RE-643.txt,edu.nd.dronology.ui.vaadin/src/main/java/edu/nd/dronology/ui/vaadin/activeflights/AFMapComponent.java
RE-643.txt,edu.nd.dronology.ui.vaadin/src/main/java/edu/nd/dronology/ui/vaadin/flightroutes/FRMapComponent.java
RE-646.txt,edu.nd.dronology.core/src/edu/nd/dronology/core/mission/RouteSet.java
RE-646.txt,edu.nd.dronology.core/src/edu/nd/dronology/core/mission/UavRoutePair.java
RE-646.txt,edu.nd.dronology.misc/src/edu/nd/dronology/misc/scripts/RouteAssignmentDemoScript.java
RE-646.txt,edu.nd.dronology.services/src/edu/nd/dronology/services/facades/FlightRouteplanningServiceRemoteFacade.java
RE-646.txt,edu.nd.dronology.services/src/edu/nd/dronology/services/missionplanning/plan/MissionUtil.java
RE-646.txt,edu.nd.dronology.ui.vaadin/src/main/java/edu/nd/dronology/ui/vaadin/activeflights/AFAssignRouteComponent.java
RE-646.txt,edu.nd.dronology.ui.vaadin/src/main/java/edu/nd/dronology/ui/vaadin/connector/DronologyActionExecutor.java
RE-646.txt,edu.nd.dronology.ui.vaadin/src/main/java/edu/nd/dronology/ui/vaadin/flightroutes/FRMainLayout.java
RE-649.txt,edu.nd.dronology.misc/src/edu/nd/dronology/misc/scripts/RouteAssignmentDemoScript.java
RE-649.txt,edu.nd.dronology.services/src/edu/nd/dronology/services/facades/FlightRouteplanningServiceRemoteFacade.java
RE-649.txt,edu.nd.dronology.ui.vaadin/src/main/java/edu/nd/dronology/ui/vaadin/activeflights/AFAssignRouteComponent.java
RE-649.txt,edu.nd.dronology.ui.vaadin/src/main/java/edu/nd/dronology/ui/vaadin/connector/DronologyActionExecutor.java
RE-649.txt,edu.nd.dronology.ui.vaadin/src/main/java/edu/nd/dronology/ui/vaadin/flightroutes/FREditModeController.java
RE-649.txt,edu.nd.dronology.ui.vaadin/src/main/java/edu/nd/dronology/ui/vaadin/flightroutes/FRInfoPanel.java
RE-649.txt,edu.nd.dronology.ui.vaadin/src/main/java/edu/nd/dronology/ui/vaadin/flightroutes/windows/FRNewRouteWindow.java
RE-651.txt,edu.nd.dronology.core/src/edu/nd/dronology/core/flight/IFlightPlan.java
RE-651.txt,edu.nd.dronology.core/src/edu/nd/dronology/core/flight/internal/FlightPlan.java
RE-651.txt,edu.nd.dronology.core/src/edu/nd/dronology/core/mission/UavRoutePair.java
RE-651.txt,edu.nd.dronology.services.core/src/edu/nd/dronology/services/core/info/FlightRouteInfo.java
RE-651.txt,edu.nd.dronology.services/src/edu/nd/dronology/services/instances/flightmanager/IFlightManagerServiceInstance.java
RE-651.txt,edu.nd.dronology.services/src/edu/nd/dronology/services/instances/flightroute/IFlightRouteplanningServiceInstance.java
RE-651.txt,edu.nd.dronology.ui.vaadin/src/main/java/edu/nd/dronology/ui/vaadin/activeflights/AFAssignRouteComponent.java
RE-651.txt,edu.nd.dronology.ui.vaadin/src/main/java/edu/nd/dronology/ui/vaadin/flightroutes/FRInfoBox.java
RE-651.txt,edu.nd.dronology.ui.vaadin/src/main/java/edu/nd/dronology/ui/vaadin/flightroutes/FRInfoPanel.java
RE-655.txt,edu.nd.dronology.core/src/edu/nd/dronology/core/mission/RouteSet.java
RE-655.txt,edu.nd.dronology.services/src/edu/nd/dronology/services/missionplanning/plan/UAVMissionPlan.java
RE-655.txt,edu.nd.dronology.ui.vaadin/src/main/java/edu/nd/dronology/ui/vaadin/activeflights/AFAssignRouteComponent.java
RE-655.txt,edu.nd.dronology.ui.vaadin/src/main/java/edu/nd/dronology/ui/vaadin/activeflights/AFInfoBox.java
RE-655.txt,edu.nd.dronology.ui.vaadin/src/main/java/edu/nd/dronology/ui/vaadin/activeflights/AFMapComponent.java
RE-655.txt,edu.nd.dronology.ui.vaadin/src/main/java/edu/nd/dronology/ui/vaadin/activeflights/MapDrawingUtil.java
RE-655.txt,edu.nd.dronology.ui.vaadin/src/main/java/edu/nd/dronology/ui/vaadin/flightroutes/FRInfoPanel.java
RE-656.txt,edu.nd.dronology.core/src/edu/nd/dronology/core/flightzone/FlightZoneManager2.java
RE-656.txt,edu.nd.dronology.services.core/src/edu/nd/dronology/services/core/info/FlightRouteInfo.java
RE-656.txt,edu.nd.dronology.services.core/src/edu/nd/dronology/services/core/items/IFlightRoute.java
RE-656.txt,edu.nd.dronology.services/src/edu/nd/dronology/services/facades/FlightRouteplanningServiceRemoteFacade.java
RE-656.txt,edu.nd.dronology.services/src/edu/nd/dronology/services/missionplanning/plan/UAVMissionPlan.java
RE-656.txt,edu.nd.dronology.ui.vaadin/src/main/java/edu/nd/dronology/ui/vaadin/activeflights/AFAssignRouteComponent.java
RE-656.txt,edu.nd.dronology.ui.vaadin/src/main/java/edu/nd/dronology/ui/vaadin/activeflights/AFDragLayout.java
RE-656.txt,edu.nd.dronology.ui.vaadin/src/main/java/edu/nd/dronology/ui/vaadin/connector/DronologyActionExecutor.java
RE-656.txt,edu.nd.dronology.ui.vaadin/src/main/java/edu/nd/dronology/ui/vaadin/flightroutes/FREditModeController.java
RE-659.txt,edu.nd.dronology.core/src/edu/nd/dronology/core/flight/PlanPool.java
RE-659.txt,edu.nd.dronology.core/src/edu/nd/dronology/core/flight/PlanPoolManager.java
RE-659.txt,edu.nd.dronology.core/src/edu/nd/dronology/core/flightzone/FlightZoneManager2.java
RE-659.txt,edu.nd.dronology.services.core/src/edu/nd/dronology/services/core/remote/IFlightManagerRemoteService.java
RE-659.txt,edu.nd.dronology.services/src/edu/nd/dronology/services/instances/flightmanager/IFlightManagerServiceInstance.java
RE-659.txt,edu.nd.dronology.services/src/edu/nd/dronology/services/instances/missionplanning/IMissionPlanningServiceInstance.java
RE-659.txt,edu.nd.dronology.ui.vaadin/src/main/java/edu/nd/dronology/ui/vaadin/connector/DronologyActionExecutor.java
RE-664.txt,edu.nd.dronology.core/src/edu/nd/dronology/core/flight/internal/FlightPlan.java
RE-664.txt,edu.nd.dronology.ui.vaadin/src/main/java/edu/nd/dronology/ui/vaadin/flightroutes/FRMapComponent.java
RE-664.txt,edu.nd.dronology.ui.vaadin/src/main/java/edu/nd/dronology/ui/vaadin/utils/MapMarkerUtilities.java
RE-666.txt,edu.nd.dronology.services.core/src/edu/nd/dronology/services/core/items/FlightRoute.java
RE-666.txt,edu.nd.dronology.ui.vaadin/src/main/java/edu/nd/dronology/ui/vaadin/flightroutes/FREditModeController.java
RE-666.txt,edu.nd.dronology.ui.vaadin/src/main/java/edu/nd/dronology/ui/vaadin/flightroutes/windows/FRNewWayPointWindow.java
RE-666.txt,edu.nd.dronology.ui.vaadin/src/main/java/edu/nd/dronology/ui/vaadin/flightroutes/windows/TakeoffAltitudeWindow.java
RE-668.txt,edu.nd.dronology.core/src/edu/nd/dronology/core/mission/IMissionPlan.java
RE-668.txt,edu.nd.dronology.core/src/edu/nd/dronology/core/mission/MissionPlan.java
RE-668.txt,edu.nd.dronology.core/src/edu/nd/dronology/core/util/Waypoint.java
RE-668.txt,edu.nd.dronology.services.core/src/edu/nd/dronology/services/core/info/FlightPlanInfo.java
RE-668.txt,edu.nd.dronology.services.core/src/edu/nd/dronology/services/core/info/FlightRouteInfo.java
RE-668.txt,edu.nd.dronology.services.core/src/edu/nd/dronology/services/core/items/FlightRoute.java
RE-668.txt,edu.nd.dronology.services.core/src/edu/nd/dronology/services/core/items/IFlightRoute.java
RE-668.txt,edu.nd.dronology.ui.vaadin/src/main/java/edu/nd/dronology/ui/vaadin/flightroutes/FREditModeController.java
RE-668.txt,edu.nd.dronology.ui.vaadin/src/main/java/edu/nd/dronology/ui/vaadin/flightroutes/FRInfoBox.java
RE-668.txt,edu.nd.dronology.ui.vaadin/src/main/java/edu/nd/dronology/ui/vaadin/flightroutes/FRMapComponent.java
RE-668.txt,edu.nd.dronology.ui.vaadin/src/main/java/edu/nd/dronology/ui/vaadin/flightroutes/FRMetaInfo.java
RE-668.txt,edu.nd.dronology.ui.vaadin/src/main/java/edu/nd/dronology/ui/vaadin/flightroutes/windows/FRNewRouteWindow.java
RE-668.txt,edu.nd.dronology.ui.vaadin/src/main/java/edu/nd/dronology/ui/vaadin/utils/UIWayPoint.java
RE-670.txt,edu.nd.dronology.services/src/edu/nd/dronology/services/facades/FlightRouteplanningServiceRemoteFacade.java
RE-670.txt,edu.nd.dronology.services/src/edu/nd/dronology/services/instances/flightroute/FlightRouteplanningService.java
RE-670.txt,edu.nd.dronology.services/src/edu/nd/dronology/services/instances/flightroute/FlightRouteplanningServiceInstance.java
RE-670.txt,edu.nd.dronology.ui.vaadin/src/main/java/edu/nd/dronology/ui/vaadin/connector/DronologyActionExecutor.java
RE-670.txt,edu.nd.dronology.ui.vaadin/src/main/java/edu/nd/dronology/ui/vaadin/flightroutes/FREditModeController.java
RE-670.txt,edu.nd.dronology.ui.vaadin/src/main/java/edu/nd/dronology/ui/vaadin/flightroutes/windows/FRNewRouteWindow.java
RE-672.txt,edu.nd.dronology.services.core/src/edu/nd/dronology/services/core/info/FlightRouteInfo.java
RE-672.txt,edu.nd.dronology.services.core/src/edu/nd/dronology/services/core/items/FlightRoute.java
RE-672.txt,edu.nd.dronology.services.core/src/edu/nd/dronology/services/core/items/IFlightRoute.java
RE-672.txt,edu.nd.dronology.services/src/edu/nd/dronology/services/facades/FlightRouteplanningServiceRemoteFacade.java
RE-672.txt,edu.nd.dronology.services/src/edu/nd/dronology/services/instances/flightroute/FlightRouteplanningService.java
RE-672.txt,edu.nd.dronology.services/src/edu/nd/dronology/services/instances/flightroute/FlightRouteplanningServiceInstance.java
RE-672.txt,edu.nd.dronology.ui.vaadin/src/main/java/edu/nd/dronology/ui/vaadin/activeflights/AFAssignRouteComponent.java
RE-672.txt,edu.nd.dronology.ui.vaadin/src/main/java/edu/nd/dronology/ui/vaadin/flightroutes/FREditModeController.java
RE-672.txt,edu.nd.dronology.ui.vaadin/src/main/java/edu/nd/dronology/ui/vaadin/flightroutes/FRInfoBox.java
RE-672.txt,edu.nd.dronology.ui.vaadin/src/main/java/edu/nd/dronology/ui/vaadin/flightroutes/FRInfoPanel.java
RE-672.txt,edu.nd.dronology.ui.vaadin/src/main/java/edu/nd/dronology/ui/vaadin/flightroutes/FRMainLayout.java
RE-672.txt,edu.nd.dronology.ui.vaadin/src/main/java/edu/nd/dronology/ui/vaadin/flightroutes/FRMapComponent.java
RE-672.txt,edu.nd.dronology.ui.vaadin/src/main/java/edu/nd/dronology/ui/vaadin/flightroutes/FRMetaInfo.java
RE-672.txt,edu.nd.dronology.ui.vaadin/src/main/java/edu/nd/dronology/ui/vaadin/flightroutes/windows/FRNewRouteWindow.java
RE-672.txt,edu.nd.dronology.ui.vaadin/src/main/java/edu/nd/dronology/ui/vaadin/flightroutes/windows/FRNewWayPointWindow.java
RE-672.txt,edu.nd.dronology.ui.vaadin/src/main/java/edu/nd/dronology/ui/vaadin/flightroutes/windows/FRUnsavedChangesConfirmation.java
RE-677.txt,edu.nd.dronology.services/src/edu/nd/dronology/services/facades/FlightRouteplanningServiceRemoteFacade.java
RE-677.txt,edu.nd.dronology.ui.vaadin/src/main/java/edu/nd/dronology/ui/vaadin/flightroutes/FRInfoBox.java
RE-677.txt,edu.nd.dronology.ui.vaadin/src/main/java/edu/nd/dronology/ui/vaadin/flightroutes/FRMainLayout.java
RE-677.txt,edu.nd.dronology.ui.vaadin/src/main/java/edu/nd/dronology/ui/vaadin/flightroutes/FRMapComponent.java
RE-677.txt,edu.nd.dronology.ui.vaadin/src/main/java/edu/nd/dronology/ui/vaadin/flightroutes/FRMetaInfo.java
RE-677.txt,edu.nd.dronology.ui.vaadin/src/main/java/edu/nd/dronology/ui/vaadin/flightroutes/windows/FRDeleteRouteConfirmation.java
RE-677.txt,edu.nd.dronology.ui.vaadin/src/main/java/edu/nd/dronology/ui/vaadin/flightroutes/windows/FRUnsavedChangesConfirmation.java
RE-679.txt,edu.nd.dronology.core/src/edu/nd/dronology/core/mission/RouteSet.java
RE-679.txt,edu.nd.dronology.services/src/edu/nd/dronology/services/facades/FlightRouteplanningServiceRemoteFacade.java
RE-679.txt,edu.nd.dronology.services/src/edu/nd/dronology/services/instances/flightroute/FlightRouteplanningService.java
RE-679.txt,edu.nd.dronology.services/src/edu/nd/dronology/services/instances/flightroute/FlightRouteplanningServiceInstance.java
RE-679.txt,edu.nd.dronology.ui.vaadin/src/main/java/edu/nd/dronology/ui/vaadin/flightroutes/FRControlsComponent.java
RE-679.txt,edu.nd.dronology.ui.vaadin/src/main/java/edu/nd/dronology/ui/vaadin/flightroutes/FRInfoPanel.java
RE-679.txt,edu.nd.dronology.ui.vaadin/src/main/java/edu/nd/dronology/ui/vaadin/flightroutes/FRMapComponent.java
RE-681.txt,edu.nd.dronology.core/src/edu/nd/dronology/core/fleet/DroneFleetManager.java
RE-681.txt,edu.nd.dronology.core/src/edu/nd/dronology/core/status/DroneCollectionStatus.java
RE-681.txt,edu.nd.dronology.core/src/edu/nd/dronology/core/vehicle/DroneFlightStateManager.java
RE-681.txt,edu.nd.dronology.core/src/edu/nd/dronology/core/vehicle/IUAVProxy.java
RE-681.txt,edu.nd.dronology.core/src/edu/nd/dronology/core/vehicle/proxy/UAVProxyManager.java
RE-681.txt,edu.nd.dronology.services.core/src/edu/nd/dronology/services/core/remote/IDroneSetupRemoteService.java
RE-681.txt,edu.nd.dronology.services/src/edu/nd/dronology/services/dronesetup/DroneSetupService.java
RE-681.txt,edu.nd.dronology.services/src/edu/nd/dronology/services/facades/DroneSetupServiceRemoteFacade.java
RE-681.txt,edu.nd.dronology.ui.vaadin/src/main/java/edu/nd/dronology/ui/vaadin/activeflights/AFAssignRouteComponent.java
RE-681.txt,edu.nd.dronology.ui.vaadin/src/main/java/edu/nd/dronology/ui/vaadin/activeflights/AFInfoBox.java
RE-681.txt,edu.nd.dronology.ui.vaadin/src/main/java/edu/nd/dronology/ui/vaadin/activeflights/AFInfoPanel.java
RE-681.txt,edu.nd.dronology.ui.vaadin/src/main/java/edu/nd/dronology/ui/vaadin/activeflights/AFMainLayout.java
RE-681.txt,edu.nd.dronology.ui.vaadin/src/main/java/edu/nd/dronology/ui/vaadin/activeflights/AFMapComponent.java
RE-681.txt,edu.nd.dronology.ui.vaadin/src/main/java/edu/nd/dronology/ui/vaadin/activeflights/UAVStatusWrapper.java
RE-689.txt,edu.nd.dronology.services/src/edu/nd/dronology/services/facades/FlightRouteplanningServiceRemoteFacade.java
RE-689.txt,edu.nd.dronology.services/src/edu/nd/dronology/services/instances/flightroute/FlightRouteplanningServiceInstance.java
RE-689.txt,edu.nd.dronology.ui.vaadin/src/main/java/edu/nd/dronology/ui/vaadin/activeflights/AFMainLayout.java
RE-689.txt,edu.nd.dronology.ui.vaadin/src/main/java/edu/nd/dronology/ui/vaadin/activeflights/AFMapComponent.java
RE-689.txt,edu.nd.dronology.ui.vaadin/src/main/java/edu/nd/dronology/ui/vaadin/activeflights/MapDrawingUtil.java
RE-689.txt,edu.nd.dronology.ui.vaadin/src/main/java/edu/nd/dronology/ui/vaadin/flightroutes/FRControlsComponent.java
RE-689.txt,edu.nd.dronology.ui.vaadin/src/main/java/edu/nd/dronology/ui/vaadin/flightroutes/FRInfoPanel.java
RE-689.txt,edu.nd.dronology.ui.vaadin/src/main/java/edu/nd/dronology/ui/vaadin/flightroutes/FRMainLayout.java
RE-689.txt,edu.nd.dronology.ui.vaadin/src/main/java/edu/nd/dronology/ui/vaadin/flightroutes/FRMapComponent.java
RE-691.txt,edu.nd.dronology.core/src/edu/nd/dronology/core/flightzone/FlightZoneManager2.java
RE-691.txt,edu.nd.dronology.core/src/edu/nd/dronology/core/vehicle/ManagedDrone.java
RE-691.txt,edu.nd.dronology.core/src/edu/nd/dronology/core/vehicle/internal/PhysicalDrone.java
RE-691.txt,edu.nd.dronology.services.core/src/edu/nd/dronology/services/core/remote/IDroneSetupRemoteService.java
RE-691.txt,edu.nd.dronology.services.core/src/edu/nd/dronology/services/core/remote/IFlightManagerRemoteService.java
RE-691.txt,edu.nd.dronology.services/src/edu/nd/dronology/services/facades/FlightManagerServiceRemoteFacade.java
RE-691.txt,edu.nd.dronology.services/src/edu/nd/dronology/services/instances/flightmanager/FlightManagerService.java
RE-691.txt,edu.nd.dronology.services/src/edu/nd/dronology/services/instances/flightmanager/IFlightManagerServiceInstance.java
RE-691.txt,edu.nd.dronology.services/src/edu/nd/dronology/services/instances/missionplanning/MissionPlanningService.java
RE-691.txt,edu.nd.dronology.services/src/edu/nd/dronology/services/missionplanning/plan/MissionUtil.java
RE-691.txt,edu.nd.dronology.services/src/edu/nd/dronology/services/missionplanning/plan/UAVMissionPlan.java
RE-691.txt,edu.nd.dronology.ui.vaadin/src/main/java/edu/nd/dronology/ui/vaadin/activeflights/AFAssignRouteComponent.java
RE-691.txt,edu.nd.dronology.ui.vaadin/src/main/java/edu/nd/dronology/ui/vaadin/activeflights/AFFollowBar.java
RE-691.txt,edu.nd.dronology.ui.vaadin/src/main/java/edu/nd/dronology/ui/vaadin/activeflights/AFInfoPanel.java
RE-691.txt,edu.nd.dronology.ui.vaadin/src/main/java/edu/nd/dronology/ui/vaadin/activeflights/AFMapViewOperations.java
RE-691.txt,edu.nd.dronology.ui.vaadin/src/main/java/edu/nd/dronology/ui/vaadin/activeflights/AFMissionOperations.java
RE-691.txt,edu.nd.dronology.ui.vaadin/src/main/java/edu/nd/dronology/ui/vaadin/activeflights/MissionHandler.java
RE-691.txt,edu.nd.dronology.ui.vaadin/src/main/java/edu/nd/dronology/ui/vaadin/connector/DronologyActionExecutor.java
RE-693.txt,edu.nd.dronology.core/src/edu/nd/dronology/core/flightzone/FlightZoneManager2.java
RE-693.txt,edu.nd.dronology.core/src/edu/nd/dronology/core/vehicle/ManagedDrone.java
RE-693.txt,edu.nd.dronology.core/src/edu/nd/dronology/core/vehicle/commands/EmergencyStopCommand.java
RE-693.txt,edu.nd.dronology.services/src/edu/nd/dronology/services/instances/flightmanager/FlightManagerService.java
RE-693.txt,edu.nd.dronology.ui.vaadin/src/main/java/edu/nd/dronology/ui/vaadin/activeflights/AFAssignRouteComponent.java
RE-693.txt,edu.nd.dronology.ui.vaadin/src/main/java/edu/nd/dronology/ui/vaadin/activeflights/AFEmergencyComponent.java
RE-693.txt,edu.nd.dronology.ui.vaadin/src/main/java/edu/nd/dronology/ui/vaadin/activeflights/AFInfoPanel.java
RE-693.txt,edu.nd.dronology.ui.vaadin/src/main/java/edu/nd/dronology/ui/vaadin/connector/DronologyActionExecutor.java
RE-695.txt,edu.nd.dronology.core/src/edu/nd/dronology/core/vehicle/AbstractDrone.java
RE-695.txt,edu.nd.dronology.core/src/edu/nd/dronology/core/vehicle/IUAVProxy.java
RE-695.txt,edu.nd.dronology.core/src/edu/nd/dronology/core/vehicle/internal/PhysicalDrone.java
RE-695.txt,edu.nd.dronology.core/src/edu/nd/dronology/core/vehicle/proxy/UAVProxy.java
RE-695.txt,edu.nd.dronology.core/src/edu/nd/dronology/core/vehicle/proxy/UAVProxyManager.java
RE-695.txt,edu.nd.dronology.ui.vaadin/src/main/java/edu/nd/dronology/ui/vaadin/activeflights/AFFollowBar.java
RE-695.txt,edu.nd.dronology.ui.vaadin/src/main/java/edu/nd/dronology/ui/vaadin/activeflights/AFInfoPanel.java
RE-695.txt,edu.nd.dronology.ui.vaadin/src/main/java/edu/nd/dronology/ui/vaadin/activeflights/AFMainLayout.java
RE-695.txt,edu.nd.dronology.ui.vaadin/src/main/java/edu/nd/dronology/ui/vaadin/activeflights/AFMapComponent.java
RE-695.txt,edu.nd.dronology.ui.vaadin/src/main/java/edu/nd/dronology/ui/vaadin/activeflights/AFMapViewOperations.java
RE-695.txt,edu.nd.dronology.ui.vaadin/src/main/java/edu/nd/dronology/ui/vaadin/activeflights/MapDrawingUtil.java
RE-695.txt,edu.nd.dronology.ui.vaadin/src/main/java/edu/nd/dronology/ui/vaadin/connector/DronologyActionExecutor.java
RE-698.txt,edu.nd.dronology.ui.vaadin/src/main/java/edu/nd/dronology/ui/vaadin/activeflights/AFInfoPanel.java
RE-698.txt,edu.nd.dronology.ui.vaadin/src/main/java/edu/nd/dronology/ui/vaadin/utils/DronologyNotification.java
RE-701.txt,edu.nd.dronology.core/src/edu/nd/dronology/core/monitoring/DronologyMonitoringManager.java
RE-701.txt,edu.nd.dronology.core/src/edu/nd/dronology/core/monitoring/IMonitoringDataHandler.java
RE-701.txt,edu.nd.dronology.core/src/edu/nd/dronology/core/monitoring/MessageMarshaller.java
RE-701.txt,edu.nd.dronology.core/src/edu/nd/dronology/core/monitoring/messages/UAVMonitorableMessage.java
RE-701.txt,edu.nd.dronology.gstation.python.connector/src/edu/nd/dronology/gstation/connector/dispatch/MonitoringDispatchThread.java
RE-701.txt,edu.nd.dronology.gstation.python.connector/src/edu/nd/dronology/gstation/connector/messages/UAVMonitoringMessage.java
RE-701.txt,edu.nd.dronology.monitoring.reminds/src/edu/nd/dronology/monitoring/reminds/RemindsConnector.java
RE-701.txt,edu.nd.dronology.monitoring.reminds/src/edu/nd/dronology/monitoring/reminds/RemoteMessageHandler.java
RE-701.txt,edu.nd.dronology.monitoring.simplechecker/src/edu/nd/dronology/monitoring/simplechecker/monitor/RemoteMessageHandler.java
RE-701.txt,edu.nd.dronology.monitoring/src/edu/nd/dronology/monitoring/IMonitoringMessage.java
RE-701.txt,edu.nd.dronology.monitoring/src/edu/nd/dronology/monitoring/IRemoteMonitoringMessageHandler.java
RE-701.txt,edu.nd.dronology.monitoring/src/edu/nd/dronology/monitoring/MonitoringDataHandler3.java
RE-701.txt,edu.nd.dronology.monitoring/src/edu/nd/dronology/monitoring/SendToSubscriberCallable.java
RE-701.txt,edu.nd.dronology.monitoring/src/edu/nd/dronology/monitoring/service/DroneMonitoringService.java
RE-701.txt,edu.nd.dronology.monitoring/src/edu/nd/dronology/monitoring/service/DroneMonitoringServiceRemoteFacade.java
RE-701.txt,edu.nd.dronology.monitoring/src/edu/nd/dronology/monitoring/service/IDroneMonitoringRemoteService.java
RE-701.txt,edu.nd.dronology.monitoring/src/edu/nd/dronology/monitoring/service/IDroneMonitoringServiceInstance.java
RE-701.txt,edu.nd.dronology.validation.safetycase/src/edu/nd/dronology/validation/safetycase/RemoteValidationMessageHandler.java
RE-701.txt,edu.nd.dronology.validation.safetycase/src/edu/nd/dronology/validation/safetycase/monitoring/MonitoringDataHandler.java
RE-702.txt,edu.nd.dronology.core/src/edu/nd/dronology/core/monitoring/DronologyMonitoringManager.java
RE-702.txt,edu.nd.dronology.gstation.python.connector/src/edu/nd/dronology/gstation/connector/dispatch/MonitoringDispatchThread.java
RE-702.txt,edu.nd.dronology.monitoring.reminds/src/edu/nd/dronology/monitoring/reminds/RemindsConnector.java
RE-702.txt,edu.nd.dronology.monitoring.reminds/src/edu/nd/dronology/monitoring/reminds/RemoteMessageHandler.java
RE-702.txt,edu.nd.dronology.monitoring.simplechecker/src/edu/nd/dronology/monitoring/simplechecker/checker/SimpleCheckerMessageHandler.java
RE-702.txt,edu.nd.dronology.monitoring/src/edu/nd/dronology/monitoring/MonitoringDataHandler3.java
RE-702.txt,edu.nd.dronology.monitoring/src/edu/nd/dronology/monitoring/SendToSubscriberCallable.java
RE-702.txt,edu.nd.dronology.monitoring/src/edu/nd/dronology/monitoring/service/DroneMonitoringService.java
RE-702.txt,edu.nd.dronology.monitoring/src/edu/nd/dronology/monitoring/service/DroneMonitoringServiceInstance.java
RE-702.txt,edu.nd.dronology.monitoring/src/edu/nd/dronology/monitoring/service/DroneMonitoringServiceRemoteFacade.java
RE-702.txt,edu.nd.dronology.monitoring/src/edu/nd/dronology/monitoring/service/IDroneMonitoringServiceInstance.java
RE-706.txt,edu.nd.dronology.core/src/edu/nd/dronology/core/monitoring/DronologyMonitoringManager.java
RE-706.txt,edu.nd.dronology.core/src/edu/nd/dronology/core/monitoring/IMonitorableMessage.java
RE-706.txt,edu.nd.dronology.core/src/edu/nd/dronology/core/monitoring/IMonitoringDataHandler.java
RE-706.txt,edu.nd.dronology.core/src/edu/nd/dronology/core/monitoring/messages/UAVMonitorableMessage.java
RE-706.txt,edu.nd.dronology.gstation.python.connector/src/edu/nd/dronology/gstation/connector/dispatch/MonitoringDispatchThread.java
RE-706.txt,edu.nd.dronology.gstation.python.connector/src/edu/nd/dronology/gstation/connector/messages/UAVMonitoringMessage.java
RE-706.txt,edu.nd.dronology.monitoring.reminds/src/edu/nd/dronology/monitoring/reminds/RemoteMessageHandler.java
RE-706.txt,edu.nd.dronology.monitoring.reminds/src/edu/nd/dronology/test/MonitoringConnectionTester.java
RE-706.txt,edu.nd.dronology.monitoring.simplechecker/src/edu/nd/dronology/monitoring/simplechecker/monitor/RemoteMessageHandler.java
RE-706.txt,edu.nd.dronology.monitoring.simplechecker/src/edu/nd/dronology/monitoring/simplechecker/monitor/SimpleMonitor.java
RE-706.txt,edu.nd.dronology.monitoring/src/edu/nd/dronology/monitoring/IRemoteMonitoringMessageHandler.java
RE-706.txt,edu.nd.dronology.monitoring/src/edu/nd/dronology/monitoring/MonitoringDataHandler3.java
RE-706.txt,edu.nd.dronology.monitoring/src/edu/nd/dronology/monitoring/SendToSubscriberCallable.java
RE-706.txt,edu.nd.dronology.monitoring/src/edu/nd/dronology/monitoring/service/DroneMonitoringService.java
RE-706.txt,edu.nd.dronology.monitoring/src/edu/nd/dronology/monitoring/service/DroneMonitoringServiceInstance.java
RE-706.txt,edu.nd.dronology.monitoring/src/edu/nd/dronology/monitoring/service/DroneMonitoringServiceRemoteFacade.java
RE-706.txt,edu.nd.dronology.monitoring/src/edu/nd/dronology/monitoring/service/IDroneMonitoringRemoteService.java
RE-706.txt,edu.nd.dronology.monitoring/src/edu/nd/dronology/monitoring/service/IDroneMonitoringServiceInstance.java
RE-706.txt,edu.nd.dronology.validation.safetycase/src/edu/nd/dronology/validation/safetycase/monitoring/MonitoringDataHandler.java
RE-709.txt,edu.nd.dronology.gstation.python.connector/src/edu/nd/dronology/gstation/connector/GroundstationConnector.java
RE-709.txt,edu.nd.dronology.gstation.python.connector/src/edu/nd/dronology/gstation/connector/MAVLinkUAVConnector.java
RE-709.txt,edu.nd.dronology.gstation.python.connector/src/edu/nd/dronology/gstation/connector/connect/IncommingGroundstationConnectionServer.java
RE-709.txt,edu.nd.dronology.gstation.python.connector/src/edu/nd/dronology/gstation/connector/dispatch/DispatchQueueManager.java
RE-709.txt,edu.nd.dronology.gstation.python.connector/src/edu/nd/dronology/gstation/connector/dispatch/ReadDispatcher.java
RE-709.txt,edu.nd.dronology.gstation.python.connector/src/edu/nd/dronology/gstation/connector/messages/ConnectionRequestMessage.java
RE-709.txt,edu.nd.dronology.gstation.python.connector/src/edu/nd/dronology/gstation/connector/messages/UAVMonitoringMessage.java
RE-709.txt,edu.nd.dronology.gstation.python.connector/src/edu/nd/dronology/gstation/connector/service/connector/DroneConnectorService.java
RE-709.txt,edu.nd.dronology.gstation.python.connector/src/edu/nd/dronology/gstation/connector/service/connector/DroneConnectorServiceInstance.java
RE-709.txt,edu.nd.dronology.gstation.python.connector/src/edu/nd/dronology/gstation/connector/service/connector/IDroneConnectorServiceInstance.java
RE-709.txt,edu.nd.dronology.misc/src/edu/nd/dronology/misc/gcs/FakePassivPythonGroundstation.java
RE-709.txt,edu.nd.dronology.misc/src/edu/nd/dronology/misc/gcs/FakePassivPythonGroundstation2.java
RE-709.txt,edu.nd.dronology.misc/src/edu/nd/dronology/misc/gcs/FakePythonGroundstation.java
RE-714.txt,edu.nd.dronology.core/src/edu/nd/dronology/core/vehicle/commands/AbstractDroneCommand.java
RE-714.txt,edu.nd.dronology.core/src/edu/nd/dronology/core/vehicle/commands/ConnectionResponseCommand.java
RE-714.txt,edu.nd.dronology.gstation.python.connector/src/edu/nd/dronology/gstation/connector/GroundstationConnector.java
RE-714.txt,edu.nd.dronology.gstation.python.connector/src/edu/nd/dronology/gstation/connector/MAVLinkUAVConnector.java
RE-714.txt,edu.nd.dronology.gstation.python.connector/src/edu/nd/dronology/gstation/connector/connect/IncommingGroundstationConnectionServer.java
RE-714.txt,edu.nd.dronology.gstation.python.connector/src/edu/nd/dronology/gstation/connector/dispatch/DispatchQueueManager.java
RE-714.txt,edu.nd.dronology.gstation.python.connector/src/edu/nd/dronology/gstation/connector/dispatch/ReadDispatcher.java
RE-714.txt,edu.nd.dronology.gstation.python.connector/src/edu/nd/dronology/gstation/connector/messages/ConnectionRequestMessage.java
RE-714.txt,edu.nd.dronology.gstation.python.connector/src/edu/nd/dronology/gstation/connector/messages/UAVHandshakeMessage.java
RE-714.txt,edu.nd.dronology.gstation.python.connector/src/edu/nd/dronology/gstation/connector/messages/UAVModeChangeMessage.java
RE-714.txt,edu.nd.dronology.gstation.python.connector/src/edu/nd/dronology/gstation/connector/messages/UAVStateMessage.java
RE-714.txt,edu.nd.dronology.gstation.python.connector/src/edu/nd/dronology/gstation/connector/service/connector/DroneConnectorService.java
RE-714.txt,edu.nd.dronology.gstation.python.connector/src/edu/nd/dronology/gstation/connector/service/connector/DroneConnectorServiceInstance.java
RE-714.txt,edu.nd.dronology.gstation.python.connector/src/edu/nd/dronology/gstation/connector/service/connector/IDroneConnectorServiceInstance.java
RE-714.txt,edu.nd.dronology.misc/src/edu/nd/dronology/misc/gcs/FakePassivPythonGroundstation.java
RE-714.txt,edu.nd.dronology.misc/src/edu/nd/dronology/misc/gcs/FakePassivPythonGroundstation2.java
RE-714.txt,edu.nd.dronology.misc/src/edu/nd/dronology/misc/gcs/FakePythonGroundstation.java
RE-714.txt,edu.nd.dronology.misc/src/edu/nd/dronology/misc/gcs/JSONSendTester.java
RE-722.txt,edu.nd.dronology.core/src/edu/nd/dronology/core/monitoring/MessageMarshaller.java
RE-722.txt,edu.nd.dronology.core/src/edu/nd/dronology/core/monitoring/messages/UAVMonitorableMessage.java
RE-722.txt,edu.nd.dronology.core/src/edu/nd/dronology/core/monitoring/messages/UAVPlanChangeMessage.java
RE-722.txt,edu.nd.dronology.core/src/edu/nd/dronology/core/monitoring/messages/UAVStateChangeMessage.java
RE-722.txt,edu.nd.dronology.core/src/edu/nd/dronology/core/vehicle/DroneFlightStateManager.java
RE-722.txt,edu.nd.dronology.gstation.python.connector/src/edu/nd/dronology/gstation/connector/dispatch/DispatchQueueManager.java
RE-722.txt,edu.nd.dronology.gstation.python.connector/src/edu/nd/dronology/gstation/connector/dispatch/ReadDispatcher.java
RE-722.txt,edu.nd.dronology.gstation.python.connector/src/edu/nd/dronology/gstation/connector/dispatch/StatusDispatchThread.java
RE-722.txt,edu.nd.dronology.gstation.python.connector/src/edu/nd/dronology/gstation/connector/messages/AbstractUAVMessage.java
RE-722.txt,edu.nd.dronology.gstation.python.connector/src/edu/nd/dronology/gstation/connector/messages/ModeChangeMessageTypeAdapter.java
RE-722.txt,edu.nd.dronology.gstation.python.connector/src/edu/nd/dronology/gstation/connector/messages/UAVModeChangeMessage.java
RE-722.txt,edu.nd.dronology.gstation.python.connector/src/edu/nd/dronology/gstation/connector/messages/UAVMonitoringMessage.java
RE-722.txt,edu.nd.dronology.gstation.python.connector/src/edu/nd/dronology/gstation/connector/messages/UAVStateMessage.java
RE-722.txt,edu.nd.dronology.monitoring.reminds/src/edu/nd/dronology/monitoring/reminds/RemindsConnector.java
RE-722.txt,edu.nd.dronology.monitoring/src/edu/nd/dronology/monitoring/IMonitoringMessage.java
RE-722.txt,edu.nd.dronology.validation.safetycase/src/edu/nd/dronology/validation/safetycase/monitoring/MonitoringDataHandler.java
RE-729.txt,edu.nd.dronology.core/src/edu/nd/dronology/core/vehicle/IDrone.java
RE-729.txt,edu.nd.dronology.core/src/edu/nd/dronology/core/vehicle/IDroneCommandHandler.java
RE-729.txt,edu.nd.dronology.core/src/edu/nd/dronology/core/vehicle/commands/AbstractDroneCommand.java
RE-729.txt,edu.nd.dronology.core/src/edu/nd/dronology/core/vehicle/commands/EmergencyStopCommand.java
RE-729.txt,edu.nd.dronology.core/src/edu/nd/dronology/core/vehicle/commands/GoToCommand.java
RE-729.txt,edu.nd.dronology.core/src/edu/nd/dronology/core/vehicle/commands/SetGroundSpeedCommand.java
RE-729.txt,edu.nd.dronology.core/src/edu/nd/dronology/core/vehicle/commands/SetMonitoringFrequencyCommand.java
RE-729.txt,edu.nd.dronology.core/src/edu/nd/dronology/core/vehicle/internal/PhysicalDrone.java
RE-729.txt,edu.nd.dronology.gstation.python.connector/src/edu/nd/dronology/gstation/connector/GroundstationConnector.java
RE-729.txt,edu.nd.dronology.gstation.python.connector/src/edu/nd/dronology/gstation/connector/dispatch/DispatchQueueManager.java
RE-736.txt,edu.nd.dronology.gstation.python.connector/src/edu/nd/dronology/gstation/connector/dispatch/ReadDispatcher.java
RE-736.txt,edu.nd.dronology.gstation.python.connector/src/edu/nd/dronology/gstation/connector/service/connector/DroneConnectorServiceInstance.java
RE-739.txt,edu.nd.dronology.core/src/edu/nd/dronology/core/vehicle/IDroneCommandHandler.java
RE-739.txt,edu.nd.dronology.core/src/edu/nd/dronology/core/vehicle/commands/AbstractDroneCommand.java
RE-739.txt,edu.nd.dronology.core/src/edu/nd/dronology/core/vehicle/commands/CommandIds.java
RE-739.txt,edu.nd.dronology.core/src/edu/nd/dronology/core/vehicle/commands/EmergencyStopCommand.java
RE-739.txt,edu.nd.dronology.core/src/edu/nd/dronology/core/vehicle/commands/GoToCommand.java
RE-739.txt,edu.nd.dronology.core/src/edu/nd/dronology/core/vehicle/commands/IDroneCommand.java
RE-739.txt,edu.nd.dronology.core/src/edu/nd/dronology/core/vehicle/commands/SetGroundSpeedCommand.java
RE-739.txt,edu.nd.dronology.core/src/edu/nd/dronology/core/vehicle/commands/SetVelocityCommand.java
RE-739.txt,edu.nd.dronology.core/src/edu/nd/dronology/core/vehicle/commands/TakeoffCommand.java
RE-739.txt,edu.nd.dronology.gstation.python.connector/src/edu/nd/dronology/gstation/connector/GroundstationConnector.java
RE-739.txt,edu.nd.dronology.gstation.python.connector/src/edu/nd/dronology/gstation/connector/MAVLinkUAVConnector.java
RE-739.txt,edu.nd.dronology.gstation.python.connector/src/edu/nd/dronology/gstation/connector/dispatch/DispatchQueueManager.java
RE-739.txt,edu.nd.dronology.gstation.python.connector/src/edu/nd/dronology/gstation/connector/messages/UAVModeChangeMessage.java
RE-741.txt,edu.nd.dronology.core/src/edu/nd/dronology/core/vehicle/commands/IDroneCommand.java
RE-741.txt,edu.nd.dronology.core/src/edu/nd/dronology/core/vehicle/commands/SetMonitoringFrequencyCommand.java
RE-741.txt,edu.nd.dronology.core/src/edu/nd/dronology/core/vehicle/commands/SetStateFrequencyCommand.java
RE-741.txt,edu.nd.dronology.monitoring/src/edu/nd/dronology/monitoring/MonitoringFrequencyAdaptor.java
RE-741.txt,edu.nd.dronology.monitoring/src/edu/nd/dronology/monitoring/service/IDroneMonitoringRemoteService.java
RE-741.txt,edu.nd.dronology.validation.safetycase/src/edu/nd/dronology/validation/safetycase/monitoring/MonitoringFrequencyAdaptor.java
RE-746.txt,edu.nd.dronology.gstation.python.connector/src/edu/nd/dronology/gstation/connector/GroundstationConnector.java
RE-746.txt,edu.nd.dronology.gstation.python.connector/src/edu/nd/dronology/gstation/connector/dispatch/DispatchQueueManager.java
RE-746.txt,edu.nd.dronology.gstation.python.connector/src/edu/nd/dronology/gstation/connector/messages/UAVHandshakeMessage.java
RE-746.txt,edu.nd.dronology.gstation.python.connector/src/edu/nd/dronology/gstation/connector/messages/UAVMonitoringMessage.java
RE-746.txt,edu.nd.dronology.gstation.python.connector/src/edu/nd/dronology/gstation/connector/service/connector/DroneConnectorServiceInstance.java
RE-746.txt,edu.nd.dronology.monitoring.reminds/src/edu/nd/dronology/monitoring/reminds/RemindsConnector.java
RE-751.txt,edu.nd.dronology.core/src/edu/nd/dronology/core/IUAVPropertyUpdateNotifier.java
RE-751.txt,edu.nd.dronology.core/src/edu/nd/dronology/core/vehicle/IUAVProxy.java
RE-751.txt,edu.nd.dronology.gstation.python.connector/src/edu/nd/dronology/gstation/connector/GroundstationConnector.java
RE-751.txt,edu.nd.dronology.gstation.python.connector/src/edu/nd/dronology/gstation/connector/MAVLinkUAVConnector.java
RE-751.txt,edu.nd.dronology.gstation.python.connector/src/edu/nd/dronology/gstation/connector/dispatch/DispatchQueueManager.java
RE-751.txt,edu.nd.dronology.gstation.python.connector/src/edu/nd/dronology/gstation/connector/messages/AbstractUAVMessage.java
RE-751.txt,edu.nd.dronology.gstation.python.connector/src/edu/nd/dronology/gstation/connector/messages/UAVMonitoringMessage.java
RE-751.txt,edu.nd.dronology.gstation.python.connector/src/edu/nd/dronology/gstation/connector/messages/UAVStateMessage.java
RE-751.txt,edu.nd.dronology.misc/src/edu/nd/dronology/misc/gcs/FakePassivPythonGroundstation.java
RE-751.txt,edu.nd.dronology.misc/src/edu/nd/dronology/misc/gcs/FakePassivPythonGroundstation2.java
RE-751.txt,edu.nd.dronology.misc/src/edu/nd/dronology/misc/gcs/FakePythonGroundstation.java
RE-751.txt,edu.nd.dronology.monitoring.reminds/src/edu/nd/dronology/monitoring/reminds/RemindsConnector.java
RE-754.txt,edu.nd.dronology.core/src/edu/nd/dronology/core/IUAVPropertyUpdateNotifier.java
RE-754.txt,edu.nd.dronology.core/src/edu/nd/dronology/core/monitoring/messages/UAVStateChangeMessage.java
RE-754.txt,edu.nd.dronology.core/src/edu/nd/dronology/core/vehicle/commands/AbstractDroneCommand.java
RE-754.txt,edu.nd.dronology.core/src/edu/nd/dronology/core/vehicle/commands/SetMonitoringFrequencyCommand.java
RE-754.txt,edu.nd.dronology.gstation.python.connector/src/edu/nd/dronology/gstation/connector/GroundstationConnector.java
RE-754.txt,edu.nd.dronology.gstation.python.connector/src/edu/nd/dronology/gstation/connector/MAVLinkUAVConnector.java
RE-754.txt,edu.nd.dronology.gstation.python.connector/src/edu/nd/dronology/gstation/connector/dispatch/DispatchQueueManager.java
RE-754.txt,edu.nd.dronology.gstation.python.connector/src/edu/nd/dronology/gstation/connector/dispatch/ReadDispatcher.java
RE-754.txt,edu.nd.dronology.gstation.python.connector/src/edu/nd/dronology/gstation/connector/messages/AbstractUAVMessage.java
RE-754.txt,edu.nd.dronology.gstation.python.connector/src/edu/nd/dronology/gstation/connector/messages/UAVHandshakeMessage.java
RE-754.txt,edu.nd.dronology.gstation.python.connector/src/edu/nd/dronology/gstation/connector/messages/UAVModeChangeMessage.java
RE-754.txt,edu.nd.dronology.gstation.python.connector/src/edu/nd/dronology/gstation/connector/messages/UAVMonitoringMessage.java
RE-754.txt,edu.nd.dronology.gstation.python.connector/src/edu/nd/dronology/gstation/connector/messages/UAVStateMessage.java
RE-754.txt,edu.nd.dronology.misc/src/edu/nd/dronology/misc/gcs/FakePassivPythonGroundstation.java
RE-754.txt,edu.nd.dronology.misc/src/edu/nd/dronology/misc/gcs/FakePassivPythonGroundstation2.java
RE-754.txt,edu.nd.dronology.misc/src/edu/nd/dronology/misc/gcs/FakePythonGroundstation.java
RE-754.txt,edu.nd.dronology.misc/src/edu/nd/dronology/misc/gcs/JSONSendTester.java
RE-754.txt,edu.nd.dronology.monitoring.reminds/src/edu/nd/dronology/monitoring/reminds/RemindsConnector.java
RE-759.txt,edu.nd.dronology.core/src/edu/nd/dronology/core/flight/PlanPoolManager.java
RE-759.txt,edu.nd.dronology.core/src/edu/nd/dronology/core/flightzone/FlightZoneManager2.java
RE-759.txt,edu.nd.dronology.services.core/src/edu/nd/dronology/services/core/remote/IMissionPlanningRemoteService.java
RE-759.txt,edu.nd.dronology.services/src/edu/nd/dronology/services/instances/flightmanager/FlightManagerService.java
RE-759.txt,edu.nd.dronology.services/src/edu/nd/dronology/services/instances/flightmanager/FlightManagerServiceInstance.java
RE-759.txt,edu.nd.dronology.services/src/edu/nd/dronology/services/instances/flightmanager/FlightMissionManager.java
RE-759.txt,edu.nd.dronology.services/src/edu/nd/dronology/services/instances/flightmanager/IFlightManagerServiceInstance.java
RE-759.txt,edu.nd.dronology.services/src/edu/nd/dronology/services/instances/missionplanning/IMissionPlanningServiceInstance.java
RE-759.txt,edu.nd.dronology.services/src/edu/nd/dronology/services/instances/missionplanning/MissionPlanningService.java
RE-759.txt,edu.nd.dronology.services/src/edu/nd/dronology/services/instances/missionplanning/MissionPlanningServiceInstance.java
RE-759.txt,edu.nd.dronology.services/src/edu/nd/dronology/services/missionplanning/JSONMissionPlanReader.java
RE-759.txt,edu.nd.dronology.services/src/edu/nd/dronology/services/missionplanning/plan/FullMissionPlan.java
RE-759.txt,edu.nd.dronology.services/src/edu/nd/dronology/services/missionplanning/plan/MissionController.java
RE-759.txt,edu.nd.dronology.services/src/edu/nd/dronology/services/missionplanning/plan/MissionUtil.java
RE-759.txt,edu.nd.dronology.services/src/edu/nd/dronology/services/missionplanning/plan/UAVMissionPlan.java
RE-759.txt,edu.nd.dronology.ui.vaadin/src/main/java/edu/nd/dronology/ui/vaadin/activeflights/MissionHandler.java
RE-766.txt,edu.nd.dronology.ui.vaadin/src/main/java/edu/nd/dronology/ui/vaadin/flightroutes/FRMapComponent.java
RE-766.txt,edu.nd.dronology.ui.vaadin/src/main/java/edu/nd/dronology/ui/vaadin/map/LeafletmapFactory.java
RE-766.txt,edu.nd.dronology.ui.vaadin/src/main/java/edu/nd/dronology/ui/vaadin/map/VaadinUIMapConstants.java
RE-766.txt,edu.nd.dronology.ui.vaadin/src/main/java/edu/nd/dronology/ui/vaadin/utils/LayerDescriptor.java
RE-77.txt,edu.nd.dronology.core/src/edu/nd/dronology/core/collisionavoidance/guidancecommands/WaypointCommand.java
RE-77.txt,edu.nd.dronology.core/src/edu/nd/dronology/core/coordinate/LlaCoordinate.java
RE-77.txt,edu.nd.dronology.core/src/edu/nd/dronology/core/flight/IFlightDirector.java
RE-77.txt,edu.nd.dronology.core/src/edu/nd/dronology/core/flight/IFlightPlan.java
RE-77.txt,edu.nd.dronology.core/src/edu/nd/dronology/core/flight/internal/FlightPlan.java
RE-77.txt,edu.nd.dronology.core/src/edu/nd/dronology/core/util/Waypoint.java
RE-77.txt,edu.nd.dronology.core/src/edu/nd/dronology/core/vehicle/commands/GoToCommand.java
RE-77.txt,edu.nd.dronology.core/test/edu/nd/dronology/core/collisionavoidance/guidancecommands/TestWaypointCommand.java
RE-77.txt,edu.nd.dronology.services.core/src/edu/nd/dronology/services/core/info/FlightPlanInfo.java
RE-77.txt,edu.nd.dronology.services.core/src/edu/nd/dronology/services/core/items/FlightRoute.java
RE-77.txt,edu.nd.dronology.services/src/edu/nd/dronology/services/missionplanning/tasks/IMissionTask.java
RE-77.txt,edu.nd.dronology.services/src/edu/nd/dronology/services/missionplanning/tasks/LandTask.java
RE-77.txt,edu.nd.dronology.services/src/edu/nd/dronology/services/missionplanning/tasks/TakeoffTask.java
RE-77.txt,edu.nd.dronology.services/src/edu/nd/dronology/services/missionplanning/tasks/WaypointTask.java
RE-77.txt,edu.nd.dronology.ui.vaadin/src/main/java/edu/nd/dronology/ui/vaadin/flightroutes/windows/FRWayPointPopupView.java
RE-77.txt,edu.nd.dronology.ui.vaadin/src/main/java/edu/nd/dronology/ui/vaadin/utils/UIWayPoint.java
RE-8.txt,edu.nd.dronology.core/src/edu/nd/dronology/core/IUAVPropertyUpdateNotifier.java
RE-8.txt,edu.nd.dronology.core/src/edu/nd/dronology/core/flightzone/FlightZoneManager2.java
RE-8.txt,edu.nd.dronology.core/src/edu/nd/dronology/core/vehicle/DroneFlightStateManager.java
RE-8.txt,edu.nd.dronology.core/src/edu/nd/dronology/core/vehicle/ManagedDrone.java
RE-8.txt,edu.nd.dronology.core/src/edu/nd/dronology/core/vehicle/commands/LandCommand.java
RE-8.txt,edu.nd.dronology.gstation.python.connector/src/edu/nd/dronology/gstation/connector/dispatch/StatusDispatchThread.java
RE-8.txt,edu.nd.dronology.gstation.python.connector/src/edu/nd/dronology/gstation/connector/messages/UAVStateMessage.java
RE-80.txt,edu.nd.dronology.core/src/edu/nd/dronology/core/collisionavoidance/guidancecommands/WaypointCommand.java
RE-80.txt,edu.nd.dronology.core/src/edu/nd/dronology/core/flight/IFlightDirector.java
RE-80.txt,edu.nd.dronology.core/src/edu/nd/dronology/core/flight/IFlightPlan.java
RE-80.txt,edu.nd.dronology.core/src/edu/nd/dronology/core/flight/internal/SoloDirector.java
RE-80.txt,edu.nd.dronology.core/src/edu/nd/dronology/core/flightzone/FlightZoneManager2.java
RE-80.txt,edu.nd.dronology.core/src/edu/nd/dronology/core/vehicle/commands/GoToCommand.java
RE-80.txt,edu.nd.dronology.services/src/edu/nd/dronology/services/missionplanning/plan/MissionUtil.java
RE-80.txt,edu.nd.dronology.services/src/edu/nd/dronology/services/missionplanning/plan/UAVMissionPlan.java
RE-80.txt,edu.nd.dronology.services/src/edu/nd/dronology/services/missionplanning/tasks/WaypointTask.java
RE-86.txt,edu.nd.dronology.core/src/edu/nd/dronology/core/flight/PlanPool.java
RE-86.txt,edu.nd.dronology.core/src/edu/nd/dronology/core/flight/PlanPoolManager.java
RE-86.txt,edu.nd.dronology.core/src/edu/nd/dronology/core/flight/internal/SimpleTakeoffFlightPlan.java
RE-86.txt,edu.nd.dronology.core/src/edu/nd/dronology/core/flightzone/FlightZoneManager2.java
RE-86.txt,edu.nd.dronology.services.core/src/edu/nd/dronology/services/core/info/FlightInfo.java
RE-86.txt,edu.nd.dronology.services.core/src/edu/nd/dronology/services/core/remote/IFlightManagerRemoteService.java
RE-86.txt,edu.nd.dronology.services/src/edu/nd/dronology/services/facades/FlightManagerServiceRemoteFacade.java
RE-86.txt,edu.nd.dronology.services/src/edu/nd/dronology/services/instances/flightmanager/FlightManagerService.java
RE-86.txt,edu.nd.dronology.services/src/edu/nd/dronology/services/instances/flightmanager/FlightManagerServiceInstance.java
RE-86.txt,edu.nd.dronology.services/src/edu/nd/dronology/services/instances/flightmanager/FlightMissionManager.java
RE-86.txt,edu.nd.dronology.services/src/edu/nd/dronology/services/instances/flightmanager/IFlightManagerServiceInstance.java
RE-86.txt,edu.nd.dronology.services/src/edu/nd/dronology/services/missionplanning/plan/FullMissionPlan.java
RE-86.txt,edu.nd.dronology.services/src/edu/nd/dronology/services/missionplanning/plan/UAVMissionPlan.java
RE-9.txt,edu.nd.dronology.core/src/edu/nd/dronology/core/vehicle/IManagedDroneStateChangeListener.java
RE-9.txt,edu.nd.dronology.core/src/edu/nd/dronology/core/vehicle/UAVListenerManager.java
RE-9.txt,edu.nd.dronology.gstation.python.connector/src/edu/nd/dronology/gstation/connector/dispatch/StatusDispatchThread.java
RE-9.txt,edu.nd.dronology.monitoring.reminds/src/edu/nd/dronology/monitoring/reminds/RemindsConnector.java
RE-9.txt,edu.nd.dronology.services.core/src/edu/nd/dronology/services/core/api/IFileChangeNotifyable.java
RE-9.txt,edu.nd.dronology.services.core/src/edu/nd/dronology/services/core/remote/IRemoteServiceListener.java
RE-9.txt,edu.nd.dronology.services.core/src/edu/nd/dronology/services/core/remote/RemoteInfo.java