UC10E1,EditOfficeVisitValidator
UC10E1,PatientBaseAction
UC10E1,PatientValidator
UC10E1,ResetPasswordAction
UC10E1,ViewMyRecordsAction
UC10E2,PatientBaseAction
UC10E2,ViewMyRecordsAction
UC10S1,EditHealthHistoryAction
UC10S1,EditOfficeVisitAction
UC10S1,EditOfficeVisitForm
UC10S1,EditPHRAction
UC10S1,EditPatientAction
UC10S1,HCPVisitBean
UC10S1,HealthRecord
UC10S1,MyDiagnosisAction
UC10S1,OfficeVisitBean
UC10S1,PatientBean
UC10S1,ViewMyRecordsAction
UC10S1,ViewPatientOfficeVisitHistoryAction
UC11E1,DeclareHCPAction
UC11E1,ManageHospitalAssignmentsAction
UC11E2,PatientBaseAction
UC11S1,AddOfficeVisitAction
UC11S1,EditOfficeVisitAction
UC11S1,EditOfficeVisitForm
UC11S1,EditOfficeVisitValidator
UC11S1,EditPHRAction
UC11S1,HCPDiagnosisBean
UC11S1,HCPVisitBean
UC11S1,LabProcHCPAction
UC11S1,MyDiagnosisAction
UC11S1,OfficeVisitBean
UC11S1,OfficeVisitDAO
UC11S1,PatientVisitBean
UC11S1,PrescriptionReportAction
UC11S1,ViewMyRecordsAction
UC11S1,ViewOfficeVisitAction
UC11S1,ViewPatientOfficeVisitHistoryAction
UC11S1,ViewVisitedHCPsAction
UC11S1,VisitFlag
UC11S2,EditHealthHistoryAction
UC11S2,EditOfficeVisitAction
UC11S2,EditOfficeVisitForm
UC11S2,EditOfficeVisitValidator
UC11S2,EditPHRAction
UC11S2,EditPrescriptionAction
UC11S2,HCPVisitBean
UC11S2,OfficeVisitBean
UC11S2,OfficeVisitDAO
UC12,OperationalProfile
UC12,Role
UC12,TransactionType
UC13,DeclareHCPAction
UC13,EditRepresentativesAction
UC13,PatientDAO
UC13E1,DeclareHCPAction
UC13E1,ManageHospitalAssignmentsAction
UC13E1,PatientBaseAction
UC13E1,PatientValidator
UC13E1,PersonnelBaseAction
UC13E1,ResetPasswordAction
UC13E1,ViewMyRecordsAction
UC15E1,DiagnosisBeanValidator
UC15E1,MedicationBeanValidator
UC15E1,ProcedureBeanValidator
UC15E1,UpdateNDCodeListAction
UC15S1,CPTCodesDAO
UC15S1,EditOfficeVisitAction
UC15S1,ProcedureBean
UC15S1,ProcedureBeanValidator
UC15S1,UpdateCPTCodeListAction
UC15S2,DiagnosisBean
UC15S2,DiagnosisBeanValidator
UC15S2,EditPHRAction
UC15S2,ICDCodesDAO
UC15S2,OfficeVisitDAO
UC15S2,TransactionType
UC15S2,UpdateICDCodeListAction
UC15S3,MedicationBean
UC15S3,MedicationBeanValidator
UC15S3,NDCodesDAO
UC15S3,PrescriptionAlerts
UC15S3,UpdateNDCodeListAction
UC15S4,LOINCBeanLoader
UC15S4,LOINCBeanValidator
UC15S4,LOINCDAO
UC15S4,LOINCbean
UC15S4,LabProcHCPAction
UC15S4,LabProcUAPAction
UC15S4,LabProcedureBean
UC15S4,LabProcedureDAO
UC15S4,LabProcedureValidator
UC15S4,UpdateCPTCodeListAction
UC15S4,UpdateLOINCListAction
UC16,AgeFactor
UC16,ChildhoodInfectionFactor
UC16,CholesterolFactor
UC16,ChronicDiseaseMediator
UC16,ChronicDiseaseRiskAction
UC16,EditPHRAction
UC16,EthnicityFactor
UC16,FamilyHistoryFactor
UC16,HeartDiseaseRisks
UC16,HypertensionFactor
UC16,PatientRiskFactor
UC16,PriorDiagnosisFactor
UC16,RiskChecker
UC16,RiskDAO
UC16,SmokingFactor
UC16,Type1DiabetesRisks
UC16,Type2DiabetesRisks
UC16,ViewMyRecordsAction
UC16,WeightFactor
UC16E1,AgeFactor
UC16E1,Type1DiabetesRisks
UC17S1,ChronicDiseaseRiskAction
UC17S1,DiagnosisBean
UC17S1,EditPHRAction
UC17S1,HeartDiseaseRisks
UC17S1,ICDCodesDAO
UC17S1,OfficeVisitDAO
UC17S1,PriorDiagnosisFactor
UC17S1,Type2DiabetesRisks
UC17S2,AgeFactor
UC17S2,GetVisitRemindersAction
UC17S2,VisitRemindersDAO
UC17S3,GetVisitRemindersAction
UC18E1,HospitalBeanValidator
UC18E2,HospitalBeanValidator
UC18S1,HospitalBean
UC18S1,HospitalBeanValidator
UC18S1,HospitalsDAO
UC18S1,UpdateHospitalListAction
UC18S2,HospitalBeanValidator
UC18S2,HospitalsDAO
UC18S2,UpdateHospitalListAction
UC19E1,DeclareHCPAction
UC19E1,ManageHospitalAssignmentsAction
UC19E1,PatientBaseAction
UC19E1,PatientValidator
UC19E1,ResetPasswordAction
UC19E1,ViewMyRecordsAction
UC19E2,PatientBaseAction
UC19E2,ViewMyRecordsAction
UC19S1,PatientDAO
UC19S1,PrescriptionBean
UC19S1,PrescriptionBeanLoader
UC19S1,PrescriptionReportAction
UC19S1,PrescriptionReportBean
UC19S1,ViewExpiredPrescriptionsAction
UC19S1,ViewOfficeVisitAction
UC19S1,ViewPrescriptionRecordsAction
UC19S1,ViewReportAction
UC19S2,PatientDAO
UC19S2,PrescriptionReportAction
UC19S2,PrescriptionReportBean
UC19S2,ViewExpiredPrescriptionsAction
UC19S2,ViewOfficeVisitAction
UC19S2,ViewPrescriptionRecordsAction
UC19S3,EmergencyReportAction
UC19S3,MedicationBean
UC19S3,PatientDAO
UC19S3,PrescriptionReportAction
UC19S3,PrescriptionReportBean
UC19S3,PrescriptionReportBeanLoader
UC19S3,ViewPrescriptionRecordsAction
UC1E1,AddPatientValidator
UC1E1,DiagnosisBeanValidator
UC1E1,EditHealthHistoryAction
UC1E1,EditOfficeVisitValidator
UC1E1,HealthRecordFormValidator
UC1E1,LabProcedureValidator
UC1E1,MedicationBeanValidator
UC1E1,PatientValidator
UC1E1,ProcedureBeanValidator
UC1E1,RemoteMonitoringDataBeanValidator
UC1E1,ValidationFormat
UC1E2,AddApptAction
UC1E2,AddPatientValidator
UC1E2,AddPersonnelValidator
UC1E2,AuthDAO
UC1E2,EditRepresentativesAction
UC1E2,PatientValidator
UC1E2,PersonnelValidator
UC1S1,AddPatientAction
UC1S1,EditPatientAction
UC1S1,PatientBaseAction
UC1S1,PatientBean
UC1S1,ResetPasswordAction
UC1S1,SetSecurityQuestionAction
UC1S2,DiagnosisBeanValidator
UC1S2,PatientBean
UC1S2,TransactionType
UC1S2,ViewMyRecordsAction
UC21E1,DeclareHCPAction
UC21E1,ManageHospitalAssignmentsAction
UC21E1,PatientBaseAction
UC21E1,PatientValidator
UC21E1,ResetPasswordAction
UC21E1,ViewMyRecordsAction
UC21E2,ViewMyRecordsAction
UC21S1,AddApptAction
UC21S1,AddHCPAction
UC21S1,AddPHAAction
UC21S1,AddRemoteMonitoringDataAction
UC21S1,DeclareHCPAction
UC21S1,EditMonitoringListAction
UC21S1,EditOfficeVisitAction
UC21S1,EditPHRAction
UC21S1,EmergencyReportAction
UC21S1,HCPLinkBean
UC21S1,ManageHospitalAssignmentsAction
UC21S1,ReportAdverseEventAction
UC21S1,ResetPasswordAction
UC21S1,UpdateLOINCListAction
UC22E1,AddPatientValidator
UC22E1,AddPersonnelValidator
UC22E1,EditPHRAction
UC22E1,FormValidationException
UC22E1,GetUserNameAction
UC22E1,HealthRecordFormValidator
UC22E1,LabProcedureValidator
UC22E1,LoginFailureAction
UC22E1,PatientValidator
UC22E1,PersonnelValidator
UC22E1,ProcedureBeanValidator
UC22E1,ResetPasswordAction
UC22E1,SecurityQAValidator
UC22E1,SurveySearchValidator
UC22S1,ApptTypeBean
UC22S1,ApptTypeBeanLoader
UC22S1,ApptTypeBeanValidator
UC22S1,ApptTypeDAO
UC22S1,EditApptTypeAction
UC22S1,TransactionType
UC22S2,AddApptAction
UC22S2,ApptBean
UC22S2,ApptDAO
UC22S2,ApptTypeBean
UC22S2,OfficeVisitBean
UC22S3,ApptBean
UC22S3,ApptBeanValidator
UC22S3,ApptDAO
UC22S3,GenerateCalendarAction
UC22S3,ViewMyApptsAction
UC23E1,AuthDAO
UC23E1,DeclareHCPAction
UC23E1,EditRepresentativesAction
UC23E1,ManageHospitalAssignmentsAction
UC23E1,PatientBaseAction
UC23E1,PersonnelBaseAction
UC23E1,ResetPasswordAction
UC23E1,SetSecurityQuestionAction
UC23E2,PatientBaseAction
UC23E2,ViewMyRecordsAction
UC23S1,EditHealthHistoryAction
UC23S1,EditPHRAction
UC23S1,EditPatientAction
UC23S1,EmergencyReportAction
UC23S1,PatientBaseAction
UC23S1,PatientBean
UC23S1,PatientDAO
UC23S1,ViewMyRecordsAction
UC23S3,DeclareHCPAction
UC23S3,EditHealthHistoryAction
UC23S3,EditPHRAction
UC23S3,EmergencyReportAction
UC23S3,HealthRecordsDAO
UC23S3,PatientDAO
UC23S3,PrescriptionReportAction
UC23S3,ViewMyRecordsAction
UC23S3,ViewMyReportRequestsAction
UC23S3,ViewPrescriptionRecordsAction
UC23S3,ViewReportAction
UC23S4,LabProcHCPAction
UC23S4,LabProcUAPAction
UC23S4,PrescriptionReportAction
UC23S4,ReportRequestBean
UC23S4,ReportRequestDAO
UC23S4,ViewMyRecordsAction
UC23S4,ViewMyRemoteMonitoringListAction
UC23S4,ViewMyReportRequestsAction
UC24,HCPDiagnosisBean
UC24,MyDiagnosisAction
UC24,SurveyAction
UC24,SurveyBean
UC24,SurveyDAO
UC24,SurveyResultBean
UC24,ViewMyRecordsAction
UC25,MyDiagnosisAction
UC25,SurveyBean
UC25,SurveyResultBean
UC25,SurveyResultDAO
UC25,SurveySearchValidator
UC25,ViewSurveyResultAction
UC25E1,FormValidationException
UC25E1,PatientValidator
UC25E1,PersonnelValidator
UC25E1,SurveySearchValidator
UC25E1,ValidationFormat
UC26E1,EditOfficeVisitAction
UC26E1,LOINCbean
UC26E1,LabProcedureBean
UC26E1,ProcedureBean
UC26E2,EditOfficeVisitAction
UC26S1,CPTCodesDAO
UC26S1,EditOfficeVisitAction
UC26S1,LOINCbean
UC26S1,LabProcedureBean
UC26S1,LabProcedureDAO
UC26S1,LabProcedureValidator
UC26S1,OfficeVisitDAO
UC26S2,EditOfficeVisitAction
UC26S2,LabProcedureBean
UC26S2,LabProcedureDAO
UC26S4,EditOfficeVisitAction
UC27S1,ResetPasswordAction
UC27S2,LabProcUAPAction
UC27S2,LabProcedureBean
UC27S2,LabProcedureValidator
UC28,PatientVisitBean
UC28,ViewPatientOfficeVisitHistoryAction
UC28,ViewVisitedHCPsAction
UC29,DiagnosisBean
UC29,HCPDiagnosisBean
UC29,MyDiagnosisAction
UC29,OfficeVisitDAO
UC29,PatientDAO
UC2E2,AddApptAction
UC2E2,AddPatientValidator
UC2E2,AddPersonnelValidator
UC2E2,AuthDAO
UC2E2,EditRepresentativesAction
UC2E2,PatientValidator
UC2E2,PersonnelValidator
UC2S1,AddERespAction
UC2S1,AddHCPAction
UC2S1,AddPHAAction
UC2S1,AddUAPAction
UC2S1,EditPersonnelAction
UC2S1,ManageHospitalAssignmentsAction
UC2S1,PersonnelBaseAction
UC2S1,PersonnelBean
UC2S1,PersonnelDAO
UC2S1,Role
UC2S2,AddERespAction
UC2S2,AddHCPAction
UC2S2,AddUAPAction
UC2S2,EditHealthHistoryAction
UC2S2,Role
UC2S2,ViewMyRemoteMonitoringListAction
UC30E1,DeclareHCPAction
UC30E1,ManageHospitalAssignmentsAction
UC30E2,PatientBaseAction
UC30S1,PatientDAO
UC30S1,SendMessageAction
UC30S1,ViewMyMessagesAction
UC30S2,MessageBean
UC30S2,MessageDAO
UC30S2,SendMessageAction
UC30S2,ViewMyMessagesAction
UC30S3,SendMessageAction
UC30S4,SendMessageAction
UC30S5,MessageBean
UC30S5,MessageDAO
UC30S5,ViewMyMessagesAction
UC30S6,MessageDAO
UC30S6,ViewMyMessagesAction
UC30S7,EditPatientAction
UC30S7,EditPersonnelAction
UC30S7,PatientBean
UC30S7,ViewMyMessagesAction
UC31S1,PatientDAO
UC31S1,PrescriptionReportAction
UC31S1,PrescriptionReportBean
UC31S1,PrescriptionReportBeanLoader
UC31S1,ViewExpiredPrescriptionsAction
UC31S1,ViewOfficeVisitAction
UC31S2,ViewExpiredPrescriptionsAction
UC31S2,ViewMyRecordsAction
UC31S2,ViewPrescriptionRecordsAction
UC31S2,ViewVisitedHCPsAction
UC32E1,ChronicDiseaseMediator
UC32E1,GetVisitRemindersAction
UC32E1,MyDiagnosisAction
UC32E1,PatientDAO
UC32E1,PatientLoader
UC32E1,SearchUsersAction
UC32E1,ViewMyRecordsAction
UC32E1,ViewMyRemoteMonitoringListAction
UC32E1,ViewPatientOfficeVisitHistoryAction
UC32E1,ViewVisitedHCPsAction
UC32E1,VisitRemindersDAO
UC32S1,ChronicDiseaseMediator
UC32S1,ChronicDiseaseRiskAction
UC32S1,DiagnosisBean
UC32S1,EditPHRAction
UC32S1,HeartDiseaseRisks
UC32S1,ICDCodesDAO
UC32S1,MyDiagnosisAction
UC32S1,PriorDiagnosisFactor
UC32S1,RiskDAO
UC32S1,Type2DiabetesRisks
UC32S2,PatientBean
UC32S2,PatientDAO
UC33E1,DeclareHCPAction
UC33E2,DeclareHCPAction
UC33E2,EditPatientAction
UC33E2,PatientValidator
UC33S1,ReferralBean
UC33S1,ReferralDAO
UC33S1,ReferralManagementAction
UC33S2,ReferralBean
UC33S2,ReferralDAO
UC33S2,ReferralManagementAction
UC33S3,ReferralDAO
UC33S3,ReferralManagementAction
UC33S3,ViewOfficeVisitAction
UC34E1,PatientBaseAction
UC34E2,HealthRecordFormValidator
UC34E2,RemoteMonitoringDataBeanValidator
UC34E3,RemoteMonitoringDataBeanValidator
UC34E4,RemoteMonitoringDAO
UC34S1,EditMonitoringListAction
UC34S1,PatientDAO
UC34S1,RemoteMonitoringDAO
UC34S2,AddRemoteMonitoringDataAction
UC34S2,HealthRecord
UC34S2,RemoteMonitoringDAO
UC34S2,RemoteMonitoringDataBean
UC34S3,AddRemoteMonitoringDataAction
UC34S3,HealthRecord
UC34S3,RemoteMonitoringDAO
UC34S3,RemoteMonitoringDataBean
UC34S3,ViewMyRemoteMonitoringListAction
UC34S4,ViewMyRecordsAction
UC34S4,ViewMyRemoteMonitoringListAction
UC34S5,AddRemoteMonitoringDataAction
UC34S5,EditHealthHistoryAction
UC34S5,RemoteMonitoringDAO
UC34S5,RemoteMonitoringDataBean
UC34S6,AddRemoteMonitoringDataAction
UC34S6,HealthRecord
UC34S6,HypertensionFactor
UC34S6,RemoteMonitoringDAO
UC34S6,RemoteMonitoringDataBean
UC35S1,AdverseEventBean
UC35S1,AdverseEventDAO
UC35S1,HCPLinkBean
UC35S1,ReportAdverseEventAction
UC35S1,ViewMyRecordsAction
UC35S2,AdverseEventBean
UC35S2,AdverseEventDAO
UC35S2,HCPLinkBean
UC35S2,MonitorAdverseEventAction
UC35S2,ReportAdverseEventAction
UC35S2,SendMessageAction
UC36S1,AdverseEventBean
UC36S1,AdverseEventDAO
UC36S1,HCPLinkBean
UC36S1,MonitorAdverseEventAction
UC36S1,ReportAdverseEventAction
UC36S1,ViewAdverseEventAction
UC36S2,AdverseEventBean
UC36S2,AdverseEventDAO
UC36S2,MonitorAdverseEventAction
UC36S2,ReportAdverseEventAction
UC36S2,ViewAdverseEventAction
UC36S2,ViewMyReportRequestsAction
UC36S3,MonitorAdverseEventAction
UC36S3,ReportAdverseEventAction
UC37S1,EditOfficeVisitAction
UC37S2,DrugInteractionAction
UC37S2,DrugInteractionDAO
UC37S2,EditOfficeVisitAction
UC37S3,EditOfficeVisitAction
UC37S3,EditPHRAction
UC37S3,EmergencyReportAction
UC37S3,MonitorAdverseEventAction
UC37S3,PrescriptionAlerts
UC37S3,ViewMyRecordsAction
UC38S1,DrugInteractionAction
UC38S1,DrugInteractionBean
UC38S1,DrugInteractionBeanLoader
UC38S1,DrugInteractionDAO
UC38S1,DrugInteractionValidator
UC38S1,EditOfficeVisitAction
UC38S1,MedicationBean
UC38S2,DrugInteractionAction
UC38S2,DrugInteractionDAO
UC38S2,EditOfficeVisitAction
UC3E1,AuthDAO
UC3E1,LoginFailureAction
UC3E1,ResetPasswordAction
UC3E2,AuthDAO
UC3S1,AuthDAO
UC3S1,ResetPasswordAction
UC3S1,SecurityQAValidator
UC3S1,SetSecurityQuestionAction
UC3S2,EmailUtil
UC3S2,ResetPasswordAction
UC3S3,AccessDAO
UC3S3,ChangeSessionTimeoutAction
UC3S3,SessionTimeoutListener
UC3S4,GenerateCalendarAction
UC3S4,LabProcHCPAction
UC3S4,LabProcUAPAction
UC3S4,LabProcedureBean
UC3S4,ViewMyRecordsAction
UC3S5,GenerateCalendarAction
UC3S5,ViewMyApptsAction
UC40S1,ApptDAO
UC40S1,GenerateCalendarAction
UC40S1,ViewMyApptsAction
UC40S2,EditOfficeVisitAction
UC40S2,EditOfficeVisitForm
UC40S2,GenerateCalendarAction
UC40S2,OfficeVisitBean
UC40S2,OfficeVisitDAO
UC40S2,PrescriptionBean
UC40S2,ViewMyRecordsAction
UC40S3,ApptTypeBean
UC40S3,GenerateCalendarAction
UC40S4,ApptBean
UC40S4,ApptDAO
UC40S4,ViewMyApptsAction
UC40S4,ViewOfficeVisitAction
UC40S5,DiagnosisBean
UC40S5,EditOfficeVisitAction
UC40S5,EditOfficeVisitForm
UC40S5,EditPHRAction
UC40S5,ICD9CMLink
UC40S5,ICDCodesDAO
UC40S5,MedicationBean
UC40S5,MyDiagnosisAction
UC40S5,OfficeVisitBean
UC40S5,OfficeVisitDAO
UC40S5,ViewMyRecordsAction
UC40S5,ViewOfficeVisitAction
UC40S6,MedicationBean
UC40S6,PrescriptionBean
UC40S6,PrescriptionBeanLoader
UC40S6,PrescriptionReportAction
UC40S6,PrescriptionReportBean
UC40S6,ViewPrescriptionRecordsAction
UC40S7,EditOfficeVisitAction
UC40S7,LOINCBeanValidator
UC40S7,LOINCDAO
UC40S7,LOINCbean
UC40S7,LabProcedureBean
UC40S7,LabProcedureBeanLoader
UC40S7,LabProcedureDAO
UC40S7,LabProcedureValidator
UC40S7,OfficeVisitDAO
UC40S7,ProcedureBean
UC40S7,ViewMyRecordsAction
UC4E1,DiagnosisBeanValidator
UC4E1,EditOfficeVisitValidator
UC4E1,HealthRecordFormValidator
UC4E1,LabProcedureValidator
UC4E1,MedicationBeanValidator
UC4E1,PatientValidator
UC4E1,RemoteMonitoringDataBeanValidator
UC4E1,ValidationFormat
UC4E1,ViewMyRemoteMonitoringListAction
UC4S1,PatientBean
UC4S1,ResetPasswordAction
UC4S1,SecurityQAValidator
UC4S1,SetSecurityQuestionAction
UC4S2,AddPatientAction
UC4S2,EditHealthHistoryAction
UC4S2,EditPHRAction
UC4S2,EditPatientAction
UC4S2,PatientBean
UC4S2,PatientDAO
UC4S3,EditPatientAction
UC4S3,EditPersonnelAction
UC4S3,SurveyResultBean
UC5S1,AuthDAO
UC5S1,LoginFailureAction
UC5S2,AddApptAction
UC5S2,AddERespAction
UC5S2,AddHCPAction
UC5S2,AddPHAAction
UC5S2,AddPatientAction
UC5S2,AddRemoteMonitoringDataAction
UC5S2,AddUAPAction
UC5S2,EditHealthHistoryAction
UC5S2,EditMonitoringListAction
UC5S2,EditPHRAction
UC5S2,MonitorAdverseEventAction
UC5S2,SurveyAction
UC5S2,TransactionBean
UC5S2,TransactionDAO
UC5S2,ViewMyAccessLogAction
UC5S2,ViewMyReportRequestsAction
UC6S1,HCPVisitBean
UC6S1,ViewPatientOfficeVisitHistoryAction
UC6S1,ViewVisitedHCPsAction
UC6S2,DeclareHCPAction
UC6S2,EditRepresentativesAction
UC6S2,HCPVisitBean
UC6S2,PatientDAO
UC6S2,ViewVisitedHCPsAction
UC6S3,PatientDAO
UC6S3,SurveyResultBean
UC6S3,SurveySearchValidator
UC6S3,ViewVisitedHCPsAction
UC8S1,PatientDAO
UC8S1,RemoteMonitoringDAO
UC8S1,ViewMyAccessLogAction
UC8S2,Role
UC9S1,EditHealthHistoryAction
UC9S1,EditPHRAction
UC9S1,EmergencyReportAction
UC9S1,HealthRecord
UC9S1,MyDiagnosisAction
UC9S1,OfficeVisitBean
UC9S1,PatientVisitBean
UC9S1,PrescriptionReportAction
UC9S1,SurveyBean
UC9S1,SurveyResultBean
UC9S1,ViewMyRecordsAction
UC9S1,ViewOfficeVisitAction
UC9S1,ViewPrescriptionRecordsAction
UC9S1,ViewReportAction
UC9S1,ViewVisitedHCPsAction
UC9S2,CholesterolFactor
UC9S2,EditPHRAction
UC9S2,FamilyHistoryFactor
UC9S2,HeartDiseaseRisks
UC9S2,HypertensionFactor
UC9S2,NoHealthRecordsException
UC9S2,PriorDiagnosisFactor
UC9S2,RiskDAO
UC9S2,Type2DiabetesRisks
UC9S2,ViewMyRecordsAction